ID,Sample ID,Still Exists,In English,Sarcasm,Additional Comments,User,Antisemitism Rating,Disagree With,Sentiment Rating,Calling Out,Calling Out Specific,Is About The Holocaust,IHRA Section
1226735179558985729,1,True,True,False,No comments.,GaGaforIsrael,4,True,2,False,False,False,3
1247631294386896897,2,True,True,False,No comments.,bjgunts,3,False,3,False,False,False,13
1218171490421628928,3,True,True,False,No comments.,ShabirNusrat,3,False,3,False,False,False,13
1253324722319667201,4,True,True,False,No comments.,thisismamen,2,False,4,True,False,False,13
1232351517472100353,5,True,True,False,No comments.,Xzamilloh,3,False,3,False,False,False,13
1243274849499459584,6,True,True,False,No comments.,tcudaman,2,False,3,False,False,False,10
1219109445852069890,7,True,True,False,No comments.,KitsuneCosplays,1,False,4,True,False,False,13
1232424140981841923,8,True,True,False,No comments.,ckelly12352,3,False,3,False,False,False,13
1224212772562591745,9,True,True,False,No comments.,AlliAbra,1,False,4,False,True,False,13
1251827598759428097,10,True,True,False,No comments.,ChattyMattE,3,False,3,False,False,False,13
1221889162523168771,11,True,True,False,No comments.,Farimah,1,False,4,False,False,True,13
1214542373725884416,12,True,True,False,No comments.,LikeFineWine63,3,False,2,False,False,False,3
1255472644285235201,13,True,True,False,No comments.,nojoe21,4,False,3,False,False,False,0
1228093395018682368,14,False,True,False,No comments.,JetstreamSnake,3,False,3,False,False,False,13
1234931693468909569,15,True,True,False,No comments.,guypbenson,4,False,3,False,False,False,0
1242723503213645824,16,True,True,False,No comments.,Of_the_People7,2,False,2,False,False,False,13
1226946957815549953,17,True,True,False,No comments.,stevedonsky,2,False,2,False,False,False,13
1215471650499633152,18,True,True,False,No comments.,johnrcoats,1,False,3,False,False,False,13
1235727545460391936,19,True,True,False,No comments.,NYJewishWeek,3,False,3,False,False,False,13
1244510316542771200,20,True,True,False,No comments.,IsaacMassias,3,False,3,False,False,False,13
1236795802808287233,21,True,True,False,No comments.,Saukel,3,False,3,False,True,False,13
1226174145710477313,22,False,True,False,No comments.,Pikeitberk,3,False,3,False,False,False,13
1227502258641702912,23,True,True,False,No comments.,CADCI,2,False,3,False,False,False,13
1217219021004734465,24,True,True,False,No comments.,Lindat2020T,1,False,5,False,False,False,13
1222296463822049281,25,True,True,False,No comments.,moonbandito,3,False,3,False,False,False,13
1239389908076126209,26,True,True,False,No comments.,JustSayXtian,3,False,3,False,False,False,13
1255551178840182786,27,False,True,False,No comments.,jjraegirl,3,False,3,False,False,False,13
1235538619344932864,28,True,True,False,No comments.,bano_sanjeeda,2,False,3,False,False,False,13
1236040185554653188,29,True,True,False,No comments.,thatqueerbird,1,False,3,False,False,False,13
1223341722572378114,30,False,True,False,No comments.,Sean41003921,3,False,3,False,False,False,13
1234790520335085568,31,True,True,False,No comments.,Prabhat44142876,2,False,3,False,False,False,13
1232172132966322177,32,True,True,False,No comments.,luzell29481399,3,False,3,False,True,False,13
1219686343439212544,33,True,True,False,No comments.,WavyAVibes,4,False,2,False,False,False,13
1222224711884648448,34,True,True,False,No comments.,twifan_nana,3,False,3,False,False,False,13
1226465467793072129,35,False,True,False,No comments.,sktripathi18,3,False,3,False,False,False,13
1255665672853610496,36,True,True,False,No comments.,McSporranberg,3,False,3,False,False,False,13
1222222525377236993,37,False,True,False,No comments.,Violet_Flower13,3,False,3,False,False,False,13
1255128414819741696,38,True,True,False,No comments.,MalcolmFord10,3,False,3,False,False,False,13
1241544288875528192,39,False,True,False,No comments.,S_NAMUDURI,3,False,3,False,False,False,13
1251955772797399044,40,True,True,False,No comments.,sbg_twt,3,False,3,False,False,False,13
1213275546882232320,41,False,True,False,No comments.,FaineBlackadder,3,False,3,False,False,False,13
1224225184749621248,42,True,True,False,No comments.,PoliticsBloke,3,False,3,False,False,False,13
1252237872435888129,43,False,True,False,No comments.,VexIsUgly,3,False,3,False,False,False,13
1217471572635738114,44,True,True,False,No comments.,ADadJoke,3,False,3,False,False,False,13
1235694173510160385,45,False,True,False,No comments.,Tee_Ess1612,3,False,3,False,False,False,13
1225212200949866496,46,True,True,False,No comments.,kfs78,2,False,4,False,False,False,13
1231755580672499712,47,True,False,False,No comments.,davidcoppin,3,False,3,False,False,False,13
1255382549762883592,48,True,True,False,No comments.,nemonullius17,3,False,3,False,False,False,13
1233042517731479553,49,True,True,False,No comments.,SpruceYelverton,3,False,4,False,False,False,13
1212826893508055041,50,True,True,False,No comments.,Reasons4Thought,5,False,1,False,False,False,13
1253047548853596161,51,True,True,False,No comments.,ContentbyDavid,3,False,4,False,False,False,13
1217107152243843072,52,True,True,False,No comments.,J3st_3r,3,False,3,False,False,False,13
1223448600098824193,53,False,True,False,No comments.,azadessa,3,False,3,False,False,False,13
1213282360956985344,54,True,True,False,No comments.,Macha_Ruad,4,False,3,False,False,False,13
1216200617598898177,55,True,True,False,No comments.,360CNN,2,False,3,False,False,False,13
1234751232696344577,56,False,True,False,No comments.,p0ppysimp,3,False,3,False,False,False,13
1253350738320920577,57,True,True,False,No comments.,Pak_Mundaa,3,False,3,False,False,False,13
1216433098650316800,58,True,True,False,No comments.,Christo76267756,3,False,3,False,False,False,13
1220148520474370053,59,True,True,False,No comments.,e_michael1,4,False,3,False,False,False,13
1221954604985978886,60,True,True,False,No comments.,thehitman29,1,False,4,False,False,False,13
1229162762565308417,61,True,True,False,No comments.,RWPUSA,1,False,3,False,False,False,13
1212984942021316609,62,True,True,False,No comments.,AnIndia65751222,2,False,3,False,False,False,13
1252539184524300288,63,True,True,False,No comments.,sissyshein,3,False,3,False,False,False,13
1218031510974029824,64,True,True,False,No comments.,Cicero99,3,False,3,False,False,False,13
1223231362506858496,65,False,True,False,No comments.,TheAngrySemite,3,False,3,False,False,False,13
1246841409627439104,66,False,True,False,No comments.,kwkinnersley,3,False,3,False,False,False,13
1236824341305843713,67,True,True,False,No comments.,Violet_Nightt,4,False,2,False,False,False,13
1225597074483400705,68,True,True,False,No comments.,GoykhmanAlla,3,False,3,False,False,False,13
1247615143359516672,69,True,True,False,No comments.,dcombest,3,False,3,False,False,False,13
1225041530940948480,70,False,True,False,No comments.,MelissaFloBix,3,False,3,False,False,False,13
1213684533054361601,71,True,True,False,No comments.,PontiffGilly,4,False,2,False,False,False,13
1213784816782589952,72,True,True,False,No comments.,grizzly712,2,False,3,False,False,False,13
1216820866648039424,73,True,True,False,No comments.,LGWIZ326,3,False,2,False,False,False,13
1220766613693259776,74,True,True,False,No comments.,DrLBErdile,1,False,4,False,False,False,13
1217048233567850496,75,True,True,False,No comments.,haaretzcom,3,False,3,False,False,False,13
1244433663108022272,76,True,True,False,No comments.,McKayMSmith,3,False,3,False,False,False,13
1214091883867033601,77,True,True,False,No comments.,RagnarDaneskjo1,3,False,3,False,False,False,13
1215945983474966532,78,True,True,False,No comments.,LocNessMonsta,4,False,2,False,False,False,13
1217341922953584641,79,True,True,False,No comments.,D6plus,3,False,3,False,False,False,13
1246827427625607173,80,True,True,False,No comments.,EyeAlt,3,False,3,False,False,False,13
1241223004245438464,81,True,True,False,No comments.,halaljew,4,False,2,False,False,False,13
1217911201553887238,82,True,True,False,No comments.,MisaAzra,3,False,3,False,False,False,13
1221590512982847489,83,True,True,False,No comments.,Stacybquiet,3,False,3,False,False,False,13
1212196624262254593,84,True,True,False,No comments.,GoodnessMrcy,1,False,3,False,False,False,13
1234853819500187652,85,True,True,False,No comments.,EdwineD_41,3,False,3,False,False,True,13
1248516381844180993,86,True,True,False,No comments.,eccentricraj,3,False,3,False,False,False,13
1222884909913690115,87,True,True,False,No comments.,RCCG_PR,2,False,3,False,False,False,13
1255413038175453185,88,True,True,False,No comments.,David_Lugo_,3,False,3,False,False,False,13
1255552656497684481,89,True,True,False,No comments.,JakeResist,3,False,3,False,False,False,13
1235318871374147592,90,True,True,False,No comments.,cottonpony,3,False,3,False,False,False,13
1214987199168401408,91,True,True,False,No comments.,Nalo_Nei,3,False,3,False,False,False,13
1221314482070122498,92,True,True,False,No comments.,JuliaWraith,2,False,2,False,False,False,13
1252327809239994376,93,True,True,False,No comments.,Yiddawg,3,False,3,False,False,False,13
1249694832571883521,94,True,True,False,No comments.,coffeespoonie,3,False,3,False,False,False,13
1213906252331388930,95,False,True,False,No comments.,marxismocritico,3,False,3,False,False,False,13
1243305748924379138,96,True,True,False,No comments.,SavasWonderland,2,False,3,False,False,False,13
1229900654795059200,97,True,True,False,No comments.,glibcf,2,False,3,False,False,False,13
1222268865276731394,98,True,True,False,No comments.,peterjukes,4,False,3,False,True,False,13
1217991702826360832,99,True,True,False,No comments.,LouisCarrillo17,1,False,4,False,False,False,13
1214643795955838976,100,True,True,False,No comments.,trishc1,3,False,3,False,False,True,13
1255467928197238785,101,False,True,False,No comments.,SHARKSURVIVOR1,3,False,3,False,False,False,13
1217217705675304960,102,True,True,False,No comments.,newways0,3,False,3,False,False,False,13
1255511871488176133,103,True,True,False,No comments.,Paul97312096,3,False,3,False,False,False,13
1254811679856168960,104,False,True,False,No comments.,nataliewhomst,3,False,3,False,False,False,13
1255606569242370049,105,True,True,False,No comments.,BS1csb,2,False,3,False,False,False,13
1249013256745660417,106,True,True,False,No comments.,MithSamoun,1,False,3,False,False,False,13
1212522624854700032,107,False,True,False,No comments.,JHilde9,3,False,3,False,False,False,13
1243206079250485249,108,True,True,False,No comments.,timohra,3,False,3,False,False,False,13
1243003335415869442,109,True,True,False,No comments.,DiceyPrince_,3,False,3,False,False,True,13
1245172101788528641,110,False,True,False,No comments.,ChumCreek,3,False,3,False,False,False,13
1237734463318048768,111,False,True,False,No comments.,RosemaryHamulka,3,False,3,False,False,False,13
1234600376172732424,112,True,True,False,No comments.,petekitching,3,False,3,False,True,False,13
1217506984339132425,113,False,True,False,No comments.,beatplusmelodyy,3,False,3,False,False,False,13
1227144237017333761,114,True,True,False,No comments.,floody1978,3,False,3,False,False,False,13
1218358708616351744,115,True,True,False,No comments.,survivor_ptsd,1,False,3,False,False,False,13
1240338472625266690,116,False,True,False,No comments.,anemicbehavior,3,False,3,False,False,False,13
1213071507426930688,117,True,True,False,No comments.,eiri_left,3,False,3,False,False,False,13
1255415392874397699,118,False,True,False,No comments.,UniteMuslimss,3,False,3,False,False,False,13
1235547636679270401,119,False,True,False,No comments.,sweetromance,3,False,3,False,False,False,13
1213901521160675328,120,True,True,False,No comments.,StephanAnthony,2,False,3,False,False,False,13
1221941026786627586,121,True,True,False,No comments.,CollectiveDEI,3,False,3,False,False,True,13
1231557399418474499,122,True,True,False,No comments.,Yuyake2716,3,False,3,False,False,False,13
1255549378212831233,123,True,True,False,No comments.,Nephandus,3,False,3,True,True,False,13
1221974757345779715,124,True,True,False,No comments.,BBlackstone1,3,False,3,False,False,True,13
1212620693159993344,125,True,True,False,No comments.,belovedjustXO,3,False,3,False,True,False,13
1224070619609927681,126,True,True,False,No comments.,justicepal2014,3,False,3,False,False,False,13
1217037889583964167,127,True,True,True,No comments.,NeilMBornstein,3,False,3,False,False,False,13
1221866030500179971,128,True,True,False,No comments.,MizMelissaAaron,3,False,3,False,False,False,13
1217070741901975552,129,True,True,False,No comments.,Mkremin92800510,4,False,3,True,True,True,13
1252482389902864389,130,False,True,False,No comments.,SadeghZero,3,False,3,False,False,False,13
1216146974526836736,131,True,True,False,No comments.,narrativefeeder,3,False,3,False,False,False,13
1220326369466441728,132,True,True,True,No comments.,Fighter01_,3,False,3,False,False,False,13
1228911417727868928,133,True,True,True,No comments.,Dovetail122,3,False,3,False,False,False,13
1255667585871417346,134,True,True,False,No comments.,MosesKahana,3,False,3,False,True,False,13
1212271349969936384,135,True,True,False,No comments.,labelitanswer,3,False,3,True,True,False,13
1229761984368926721,136,True,True,False,No comments.,gregwalden18,3,False,3,False,False,True,13
1221529198138986496,137,True,True,False,No comments.,bgtrpi,3,False,3,False,False,True,13
1242429716516093953,138,True,True,False,No comments.,crucial2020,4,False,3,False,True,False,13
1221571063999582216,139,True,True,False,No comments.,monica_sassy,3,False,3,False,True,False,13
1229799119495008256,140,True,True,False,No comments.,ElaineGrier5,3,False,3,False,True,False,13
1228087124118863877,141,True,True,False,No comments.,joe_schick,3,False,3,False,False,False,13
1224646890547044352,142,True,True,False,No comments.,PlantagenetJoan,3,False,3,False,False,True,13
1238273593714200576,143,True,True,True,No comments.,Pradeepkumarkvk,4,False,3,True,True,True,13
1231681163649003520,144,True,True,False,No comments.,romeu,3,False,3,False,False,False,13
1250405638922014720,145,True,False,False,No comments.,NTarnopolsky,3,False,3,False,False,False,13
1231924126698418178,146,True,True,False,No comments.,SusannaKearsley,3,False,3,False,False,True,13
1240207505495666688,147,True,True,False,No comments.,badach_dariusz,5,False,3,False,False,False,13
1223765713023905792,148,True,True,True,No comments.,gehns233rd,3,False,3,False,False,False,13
1212913302868811776,149,True,True,False,No comments.,rebhat61,3,False,3,False,True,False,13
1223182754235289600,150,True,True,False,No comments.,AbhikBhaduri,4,False,3,False,True,True,13
1215539830576361477,151,True,True,True,No comments.,AdeptWithWords,3,False,3,False,False,False,13
1231496634414043136,152,True,True,False,No comments.,Sawdust82566540,3,False,3,False,False,False,13
1248316110195359745,153,True,True,False,No comments.,ShaiDeLuca,4,False,3,False,False,False,13
1247187156608704514,154,True,True,False,No comments.,mikeash609,4,False,2,False,True,False,13
1255363441356914691,155,True,True,False,No comments.,tarah_dactyl_,2,False,3,False,False,False,13
1244517149919625216,156,True,True,False,No comments.,kishkafka,3,False,3,False,False,False,13
1217984491135827969,157,True,True,False,No comments.,dougal62,3,False,3,False,False,False,13
1252176639275995137,158,True,True,False,No comments.,wienerlibrary,3,False,3,False,False,False,13
1212358214009982981,159,False,True,False,No comments.,Sombre99701417,3,False,3,False,False,False,13
1252729578256138240,160,True,True,False,No comments.,Slyvest72978336,3,False,3,False,False,True,13
1242122930089111552,161,True,True,False,No comments.,_samisaviv,3,False,3,True,False,False,13
1216341924099035136,162,True,True,False,No comments.,HappyFerrret,3,False,3,False,False,False,13
1255970988392615938,163,True,True,False,No comments.,FrnkBntz,3,False,3,False,False,False,13
1212745285769875456,164,True,True,False,No comments.,conserbud,3,False,3,False,False,False,13
1217109840763293699,165,True,True,False,No comments.,SqueakBrothers,3,False,3,False,True,False,13
1221899093385129986,166,True,True,False,No comments.,SkidTRhoades,3,False,3,False,False,True,13
1244172615058587649,167,True,True,False,No comments.,anamed_ku,3,False,3,False,False,False,13
1233948125276102658,168,True,True,False,No comments.,ellensa41123459,3,False,3,False,False,False,13
1254288650952531968,169,False,True,False,No comments.,ojiman2,3,False,3,False,False,False,13
1252327439289577472,170,False,True,False,No comments.,Shanecouver,3,False,3,False,False,False,13
1234629692281491462,171,True,True,False,No comments.,reemcelestial,3,False,3,False,False,False,13
1214396966374821888,172,True,True,False,No comments.,DavidCSommers,3,False,3,False,False,False,13
1222470369317138433,173,False,True,False,No comments.,Sabi98288193,3,False,3,False,False,False,13
1232749633652379648,174,True,True,False,No comments.,mapi57,3,False,3,False,False,True,13
1234279232156684288,175,True,True,False,No comments.,mickelsonrm,3,False,3,False,False,False,13
1251814800985919489,176,True,True,False,No comments.,penelope_writes,3,False,3,False,False,True,13
1217617537375977473,177,True,True,False,No comments.,SevenShepherd,3,False,3,False,False,False,13
1236714045341929481,178,False,True,False,No comments.,ExDanmaku,3,False,3,False,False,False,13
1213760115267911685,179,False,True,False,No comments.,Monitor_Closely,3,False,3,False,False,False,13
1217649039954587649,180,True,True,False,No comments.,MWobbler,3,False,3,True,False,False,13
1254230635809583106,181,True,True,False,No comments.,MizrahiKing,3,False,3,False,False,False,13
1219709792916127744,182,True,True,False,No comments.,WhiteLotus3_9,3,False,3,False,True,False,13
1225403719908569088,183,True,True,False,No comments.,GJTIII,3,False,3,False,False,False,13
1234820205156667392,184,True,True,False,No comments.,me4usa,3,False,3,False,False,False,13
1217189295141924866,185,True,True,False,No comments.,DominikKorthaus,3,False,3,False,False,True,13
1228621238953816067,186,True,True,False,No comments.,KayOrder,3,False,3,False,False,False,13
1236411896858693632,187,True,True,False,No comments.,ccw1933,3,False,3,False,False,False,13
1216724878319067137,188,True,True,False,No comments.,delorose,3,False,3,False,False,True,13
1243966231838896130,189,False,True,False,No comments.,ForgeTheBore,3,False,3,False,False,False,13
1255355458333933570,190,True,True,False,No comments.,KrisClark1,3,False,3,False,False,False,13
1229308060419514369,191,False,True,False,No comments.,zzxyxy,3,False,3,False,False,False,13
1212902662762450945,192,True,True,False,No comments.,joncody98,2,False,3,False,False,False,13
1214153046894223360,193,True,True,False,No comments.,youtubevidlinks,3,False,3,False,False,False,13
1255728580685897728,194,True,True,False,No comments.,etta_dziver,3,False,3,False,False,False,13
1255943385065684996,195,False,True,False,No comments.,LewisTh47149165,3,False,3,False,False,False,13
1236326919077081090,196,True,False,False,No comments.,RotQ2,3,False,3,False,False,False,13
1254769545102782465,197,True,True,False,No comments.,RootlessDov,1,False,3,False,False,False,13
1241813632826081283,198,False,True,False,No comments.,ricgus,3,False,3,False,False,False,13
1228295320586551298,199,True,True,False,No comments.,Kellydeer1,3,False,3,False,False,True,13
1213013183964831744,200,True,True,False,No comments.,djbarro,4,False,3,False,False,False,13
1213229824787005441,201,True,True,False,No comments.,PatriarchTree,3,False,3,False,False,False,13
1252405149684781056,202,True,True,False,No comments.,LittleMissC,3,False,3,False,False,False,13
1253474791169744897,203,True,True,False,No comments.,sprecher_rob,3,False,3,False,False,False,13
1231791542249062400,204,True,True,False,No comments.,Yankeegal11,3,False,3,False,True,False,13
1229879849751171072,205,True,True,False,No comments.,bluestarpr,1,False,3,False,False,False,13
1251096951308931075,206,True,True,False,No comments.,ShorrTirza,3,False,3,False,False,False,13
1250428761746452480,207,False,True,False,No comments.,6868Aam,3,False,3,False,False,False,13
1233178546119618568,208,True,True,False,No comments.,Patriqtscott,3,False,3,False,False,False,13
1255534438932533250,209,True,True,False,No comments.,Liberty2787,3,False,3,False,False,False,13
1230114402814156801,210,False,True,False,No comments.,HowDareGOP,3,False,3,False,False,False,13
1229690594806685696,211,True,True,False,No comments.,Slimaliwa,3,False,3,False,False,True,13
1241980354312974337,212,False,True,False,No comments.,Kbmils,3,False,3,False,False,False,13
1221964142849949696,213,True,True,False,No comments.,Jay_S_Diaz,3,False,3,False,False,True,13
1217036226932461569,214,True,True,False,No comments.,AndreaZanardo8,3,False,3,False,False,False,13
1255843314210934784,215,True,True,False,No comments.,PennyTweetT,3,False,3,True,False,False,13
1252673763839225857,216,True,True,False,No comments.,lakie3510,3,False,3,False,False,True,13
1233613581008228354,217,True,True,False,No comments.,Just_anIsraeli,3,False,3,False,False,False,13
1213512728490344448,218,True,True,False,No comments.,harv056,3,False,3,False,False,False,13
1229774978314391553,219,True,True,False,No comments.,mlrock912,3,False,3,False,False,False,13
1213877380848275457,220,True,True,False,No comments.,AnsielJeff,3,False,3,False,False,False,13
1226705240646352897,221,True,True,False,No comments.,ZenasNomikos,3,False,3,False,False,False,13
1247075458098835456,222,False,True,False,No comments.,LexiBardot1,3,False,3,False,False,False,13
1215828864674365440,223,False,True,False,No comments.,nitedili,3,False,3,False,False,False,13
1251609998167281666,224,True,True,False,No comments.,uriahsculder,3,False,3,False,False,True,13
1231632882617245701,225,False,True,False,No comments.,BhakthLokesh,3,False,3,False,False,False,13
1221074778418827268,226,True,True,False,No comments.,VeganJase,3,False,3,False,True,False,13
1255475773231763459,227,True,True,False,No comments.,KairaFloresss,1,False,3,False,False,False,13
1218251659945676801,228,True,True,False,No comments.,LONELY_WALKER1,3,False,3,False,False,False,13
1230136143137689601,229,True,True,False,No comments.,BearingTruth,3,False,3,False,False,False,13
1218663452518092812,230,False,True,False,No comments.,ReasonPrevail,3,False,3,False,False,False,13
1235537545997496321,231,True,True,False,No comments.,queerzionut,3,False,3,False,False,False,13
1252622493908709377,232,False,True,False,No comments.,lenoranail_73,3,False,3,False,False,False,13
1243492680266588160,233,True,True,False,No comments.,Fear_Less_baby,3,False,3,False,False,False,13
1245374348208164867,234,True,True,False,No comments.,yanioosl,3,False,3,False,False,True,13
1216782980326268928,235,True,True,True,No comments.,zeerlin12,3,False,3,False,False,False,13
1219463499635552256,236,True,True,False,No comments.,drsubirsaha,3,False,3,False,False,False,13
1217862006981742593,237,True,True,False,No comments.,illrev2,3,False,3,False,False,True,13
1225399994607292417,238,True,True,False,No comments.,tomburke999,3,False,3,False,False,False,13
1250190488377884675,239,True,True,False,No comments.,ThanksDad2,3,False,3,False,False,False,13
1242774515593158656,240,False,True,False,No comments.,streetsax2,3,False,3,False,False,False,13
1230530861520576513,241,True,True,False,No comments.,AKMcTavish,2,False,3,False,False,False,13
1220439103143018500,242,True,True,False,No comments.,ThrowbackLib,3,False,3,False,False,True,13
1246008487739625472,243,False,True,False,No comments.,naz_faris,3,False,3,False,False,False,13
1223994516903997444,244,True,True,False,No comments.,iris_gibson89,3,False,3,False,False,True,13
1249352591311613953,245,False,True,False,No comments.,KemalistGymcel,3,False,3,False,False,False,13
1214243290259902465,246,True,True,False,No comments.,cubehaver,4,False,3,False,False,False,13
1255732801615417344,247,False,True,False,No comments.,PopChassid,3,False,3,False,False,False,13
1250613939035156480,248,True,True,False,No comments.,Greg_DeFusco,3,False,3,False,False,False,13
1252777014584471553,249,True,True,False,No comments.,EvilGreenRangr,3,False,3,False,False,False,13
1255530838135103488,250,True,True,False,No comments.,psykojoe67,3,False,3,False,False,False,13
1237378250306924549,251,False,True,False,No comments.,Savagemind125,3,False,3,False,False,False,13
1252130234876473344,252,True,True,False,No comments.,harryclarkhci,5,False,3,False,True,True,13
1255584328949682178,253,False,True,False,No comments.,winston3453,3,False,3,False,False,False,13
1221886120813846530,254,True,True,False,No comments.,chuddles11,3,False,3,False,False,True,13
1226663964630802432,255,True,True,False,No comments.,QUIGGYPAULS,3,False,3,False,False,False,13
1217756571821694977,256,True,True,False,No comments.,TriaRyder,3,False,3,True,False,False,13
1218303097694564358,257,True,True,False,No comments.,DuchesneRicardo,3,False,3,False,False,False,13
1247642027191349248,258,False,True,False,No comments.,choc0latem1lk,3,False,3,False,False,False,13
1215884646396891136,259,True,True,False,No comments.,Sheindie,3,False,3,True,False,False,13
1227708254312189954,260,True,True,False,No comments.,Daddy__c0o1,3,False,3,False,False,False,13
1237413768906321921,261,False,True,False,No comments.,gary_monsees,3,False,3,False,False,False,13
1221901287421177857,262,True,True,False,No comments.,maxsingerinidy,3,False,3,False,False,True,13
1239866950207049729,263,False,True,False,No comments.,BlkRobeRegiment,3,False,3,False,False,False,13
1222218078592946176,264,True,True,False,No comments.,KMGGaryde,5,False,3,False,False,False,13
1213122781090435072,265,True,True,False,No comments.,NathanAngelus,3,False,3,False,False,True,13
1214281838841122816,266,True,True,False,No comments.,GrammyD15,3,False,3,False,False,False,13
1220402193272098816,267,True,True,False,No comments.,Flaco_326,3,False,3,True,True,False,13
1247204051265224704,268,False,True,False,No comments.,LawlessBritain,3,False,3,False,False,False,13
1252241260632563713,269,False,True,False,No comments.,Zeeus18,3,False,3,False,False,False,13
1227315595328327681,270,False,True,False,No comments.,zhanwithluv,3,False,3,False,False,False,13
1212460769780080640,271,True,True,False,No comments.,SievertNorman,3,False,3,False,False,False,13
1234983029229010945,272,True,True,False,No comments.,urrungirrung,3,False,3,False,False,False,13
1223637450662326274,273,True,True,False,No comments.,auschwitzxhibit,3,False,3,False,False,True,13
1231611617072308224,274,True,True,False,No comments.,xenosstinkriti,4,False,3,False,False,False,13
1234915776110481409,275,True,True,False,No comments.,YatPundit,3,False,3,False,False,True,13
1223990050393862145,276,True,True,False,No comments.,HopelessLiberal,3,False,3,False,False,True,13
1223978432989712384,277,False,True,False,No comments.,RioFendA,3,False,3,False,False,False,13
1229756072942022657,278,True,True,False,No comments.,That_MphelaGuy,3,False,3,False,False,False,13
1221805597298814977,279,True,True,False,No comments.,KathleenMarrio4,3,False,3,False,False,True,13
1233515204870311938,280,True,True,False,No comments.,Deef1207,3,False,3,False,False,False,13
1232391810883969025,281,True,True,False,No comments.,george_mas,3,False,3,False,False,False,13
1238238357362216962,282,True,True,False,No comments.,sphillips725s,3,False,3,False,False,False,13
1255336798319972356,283,True,True,True,No comments.,BlackRose_NYC,3,False,3,False,True,False,13
1232841994327576578,284,True,True,False,No comments.,DediBinBuchori,3,False,3,True,True,False,13
1216935835863437313,285,True,True,False,No comments.,Adityad05404270,3,False,3,False,False,False,13
1227781168109506560,286,True,True,False,No comments.,KyleChenIntact,3,False,3,False,False,False,13
1224723022214582276,287,False,True,False,No comments.,PaulSR36855907,3,False,3,False,False,False,13
1214329989887406080,288,True,True,False,No comments.,DeplrbleRzistr,3,False,3,False,False,False,13
1252715351583817728,289,True,True,False,No comments.,brucephil,3,False,3,False,False,True,13
1223326127307051008,290,True,True,False,No comments.,chaya_nouri,4,False,3,False,False,False,13
1225491474915172352,291,True,True,False,No comments.,jonnybaldini,3,False,3,False,False,False,13
1255492458164752387,292,False,True,False,No comments.,vickimoreau,3,False,3,False,False,False,13
1243218785919578112,293,True,True,False,No comments.,Ambujshailaj,3,False,3,False,False,False,13
1247474417405505536,294,True,True,False,No comments.,SUNNYBOYBLACK,3,False,3,False,False,False,13
1234246886539825153,295,True,True,False,No comments.,kenny3911,3,False,3,False,False,False,13
1219786588131143681,296,False,True,False,No comments.,RaymondMax9,3,False,3,False,False,False,13
1223210135905943553,297,True,True,False,No comments.,maniksharma_7,3,False,3,True,False,False,13
1239165509511319552,298,False,True,False,No comments.,FortHoody,3,False,3,False,False,False,13
1216481533604790273,299,False,True,False,No comments.,AlhanDani4,3,False,3,False,False,False,13
1213709544519544832,300,True,True,False,No comments.,SNnanyelug,3,False,3,True,False,False,13
1232357878557794304,301,True,True,False,No comments.,JewYid,5,False,3,False,False,False,13
1219628821881802753,302,True,True,False,No comments.,ReaperHayes,3,False,3,False,False,False,13
1215772276928413699,303,True,True,False,No comments.,adamscrabble,3,False,3,False,False,False,13
1252316751385300996,304,True,True,False,No comments.,ThomasBridge3,3,False,3,False,False,False,13
1232495987626627072,305,True,True,False,No comments.,EmmasBugsBunny,4,False,3,False,False,False,13
1215508330514247681,306,True,True,False,No comments.,Dootster,3,False,3,False,False,False,13
1241908011787898883,307,True,True,False,No comments.,surinderTalking,3,False,3,False,False,False,13
1217522350582837250,308,True,True,False,No comments.,nigel7272,3,False,3,False,False,False,13
1214170148824846336,309,True,True,False,No comments.,RichAtl88,3,False,3,False,True,False,13
1247909286568701958,310,True,True,False,No comments.,itsstevenhudson,3,False,3,False,False,False,13
1215217125008109568,311,False,True,False,No comments.,leethal007,3,False,3,False,False,False,13
1227673233140240384,312,True,True,False,No comments.,Sarbbajit,3,False,3,False,False,False,13
1222126860454072320,313,True,True,False,No comments.,wik_riki,3,False,3,False,True,False,13
1255697613732659200,314,True,True,False,No comments.,AFern66,3,False,3,False,False,False,13
1247576003800686600,315,False,True,False,No comments.,courtneymarks98,3,False,3,False,False,False,13
1213097192904376320,316,True,True,False,No comments.,MikeyMerely,3,False,3,False,False,False,13
1246464469087256576,317,True,True,False,No comments.,endoftimeupdate,3,False,3,False,False,False,13
1255345867244126208,318,True,True,False,No comments.,MannyLinares3,3,False,3,False,False,False,13
1217199218860994563,319,True,True,False,No comments.,mojos55,5,False,3,False,False,False,13
1224578750307762178,320,False,True,False,No comments.,ThatsEuropinion,3,False,3,False,False,False,13
1249258773677563904,321,True,True,False,No comments.,Paul62NW3,3,False,3,False,False,False,13
1248468907364511746,322,True,True,False,No comments.,PJMG71636355,3,False,3,False,False,False,13
1223710919869566978,323,True,True,False,No comments.,YairWallach,3,False,3,False,False,False,13
1252645214453411840,324,True,True,False,No comments.,lininohio,5,False,3,False,False,True,13
1235609500561764352,325,False,True,False,No comments.,computermouse12,3,False,3,False,False,False,13
1237035266600136705,326,False,True,False,No comments.,MairavZ,3,False,3,False,False,False,13
1250074045707628545,327,True,True,False,No comments.,MadCornishBiker,3,False,3,False,False,False,13
1229251732603068416,328,False,True,False,No comments.,jeffersonsheir9,3,False,3,False,False,False,13
1240284523407069186,329,True,True,False,No comments.,fried_grits,3,False,3,False,False,False,13
1243262954881069056,330,True,True,False,No comments.,kabalissima,4,False,3,False,True,False,13
1248827634886356995,331,False,True,False,No comments.,MikeTibbits,3,False,3,False,False,False,13
1223554911062740994,332,True,True,False,No comments.,tulasiram67,3,False,3,False,False,False,13
1214257257292214272,333,False,True,False,No comments.,vandefifer,3,False,3,False,False,False,13
1244413934364266496,334,False,True,False,No comments.,SunnySixxkiller,3,False,3,False,False,False,13
1254005856297005056,335,True,True,False,No comments.,LeftIsBest8,1,False,3,False,False,False,13
1238225778216775680,336,False,True,False,No comments.,Rajxlion99x,3,False,3,False,False,False,13
1247468823705518086,337,True,True,False,No comments.,mariusz_jaskot,3,False,3,False,False,False,13
1214295023254196224,338,True,True,False,No comments.,squirrel_doom,4,False,3,False,False,False,13
1213309888186798080,339,True,True,False,No comments.,KarlThorburn,4,False,3,False,True,False,13
1217399207465816064,340,True,True,False,No comments.,TWITLYBUTTON,3,False,3,False,False,True,13
1242197959413989377,341,False,True,False,No comments.,jordynaps,3,False,3,False,False,False,13
1228935859937927168,342,True,True,False,No comments.,CrazyNormie,3,False,3,False,False,False,13
1247515744654458881,343,True,True,False,No comments.,nhmeems,3,False,3,False,False,False,13
1245501628112867328,344,True,True,False,No comments.,Bolo347,4,False,3,False,False,False,13
1231812246579212288,345,True,True,False,No comments.,Miriam_Bless,3,False,3,False,False,False,13
1226154244148998144,346,True,True,False,No comments.,The5Bomars,3,False,3,False,False,True,13
1232887804969078789,347,False,True,False,No comments.,Gnarlyheadache1,3,False,3,False,False,False,13
1224867456834887680,348,False,True,False,No comments.,leila_nord,3,False,3,False,False,False,13
1221839896219807753,349,True,True,False,No comments.,notsofiacoppola,3,False,3,False,False,True,13
1222659315154268160,350,False,True,False,No comments.,RickEm13,3,False,3,False,False,False,13
1213633188075053056,351,True,True,False,No comments.,LadyLoved75,3,False,3,False,False,True,13
1228063501819797506,352,False,True,False,No comments.,cliffschecter,3,False,3,False,False,False,13
1231760682640695299,353,False,True,False,No comments.,LuluKk86207220,3,False,3,False,False,False,13
1223697450705158146,354,True,True,False,No comments.,Marceline555,5,False,3,False,False,False,13
1212830436012908544,355,True,True,False,No comments.,haaretzcom,3,False,3,False,False,False,13
1246664556379865089,356,True,True,False,No comments.,member15,4,False,3,False,True,False,13
1228988835746525185,357,True,True,False,No comments.,joenihl,3,False,3,False,True,False,13
1231086361433628672,358,False,True,False,No comments.,GirardDiana,3,False,3,False,False,False,13
1222054603086278656,359,True,True,False,No comments.,accouder,3,False,3,False,False,False,13
1255371193684762625,360,True,True,False,No comments.,calling12001,4,False,3,False,True,False,13
1229809016395579392,361,True,True,False,No comments.,SamSlamDunkIAm,3,False,3,False,True,False,13
1252673495378432000,362,True,True,False,No comments.,RhondaRN62,3,False,3,False,False,True,13
1227925805742862338,363,True,True,False,No comments.,FreeSpe84593309,4,False,3,False,False,False,13
1253476764552171521,364,False,True,False,No comments.,TEckbold,3,False,3,False,False,False,13
1251669951934541824,365,True,True,False,No comments.,MoselaThabo,2,False,3,False,False,False,13
1220223844717355011,366,True,True,False,No comments.,ChicagoSoyBoy,3,False,3,False,False,True,13
1250120010669924352,367,False,True,False,No comments.,modernactivism,3,False,3,False,False,False,13
1236046506756640768,368,True,True,False,No comments.,QuinnTpquinn2,2,False,3,False,False,False,13
1225322565247393793,369,False,True,False,No comments.,Eclectic2019,3,False,3,False,False,False,13
1230530032436752385,370,True,True,False,No comments.,VascoVick,3,False,3,False,False,False,13
1215133566511632386,371,True,True,False,No comments.,Vegelicious101,3,False,3,False,False,True,13
1255514311008702469,372,True,True,False,No comments.,EjikeTheGREAT,5,False,3,False,False,False,13
1230297932978696192,373,True,True,False,No comments.,Deborahsolomon,3,False,3,False,False,False,13
1251161797324730369,374,True,True,False,No comments.,gabrielsen_,3,False,3,False,False,False,13
1219624610796273664,375,True,True,False,No comments.,AmiShu32915320,4,False,3,False,True,False,13
1233643568620883968,376,True,True,False,No comments.,QasimLoveIK,3,False,3,False,False,False,13
1248119503801573376,377,True,True,False,No comments.,jai_rom,3,False,3,False,False,False,13
1227045839945838592,378,False,True,False,No comments.,PSW_66,3,False,3,False,False,False,13
1226745096999096325,379,True,True,False,No comments.,AcepWaluyo,4,False,3,False,False,False,13
1227849069676109826,380,True,True,False,No comments.,hishamkhan46,3,False,3,False,False,False,13
1228084200718393345,381,True,True,True,No comments.,JeanValjenny,3,False,3,False,False,False,13
1212416463262359556,382,True,True,False,No comments.,buckethead2016,3,False,3,False,True,False,13
1219897575291195393,383,False,True,False,No comments.,SpiritdeCharlie,3,False,3,False,False,False,13
1225818277861056512,384,True,True,False,No comments.,beamstx,3,False,3,True,True,False,13
1249956212168409089,385,False,True,False,No comments.,m3guhn,3,False,3,False,False,False,13
1221774765406523394,386,False,True,False,No comments.,brookIyn118,3,False,3,False,False,False,13
1221930915770667008,387,True,True,False,No comments.,DorisMatsui,3,False,3,False,False,True,13
1241705727217057794,388,False,True,False,No comments.,Abbwabb,3,False,3,False,False,False,13
1215816153853022208,389,True,True,False,No comments.,dboxster1,3,False,3,False,True,False,13
1253391201199259649,390,False,True,False,No comments.,Driveby_Patriot,3,False,3,False,False,False,13
1221966396009021440,391,True,True,False,No comments.,ginarcameron,3,False,3,False,False,True,13
1225963034172108800,392,True,True,False,No comments.,LeeStrobel,3,False,3,False,False,False,13
1239186478917435397,393,True,True,False,No comments.,DomeLord,5,False,3,False,False,False,13
1216058225143042049,394,True,True,False,No comments.,ArnoldFFege,3,False,3,False,False,False,13
1255598850859040771,395,True,True,False,No comments.,Odd__opinions,3,False,3,True,True,False,13
1246578237599371265,396,False,True,False,No comments.,no_jew_hate,3,False,3,False,False,False,13
1232604849663074310,397,True,True,False,No comments.,RanaMun42479298,3,False,3,True,False,False,13
1213152385754750976,398,False,True,False,No comments.,madarasenpai3,3,False,3,False,False,False,13
1255389697708371973,399,True,True,False,No comments.,YinYang18175500,3,False,3,True,True,False,13
1213920068381208576,400,True,True,False,No comments.,lisandl1,3,False,3,True,True,False,13
1245753396252065802,401,True,True,False,No comments.,whatmjtweeted,3,False,3,False,False,False,13
1251895526645260289,402,True,True,False,No comments.,tmaedavis,3,False,3,False,False,True,13
1236769996346449922,403,True,True,False,No comments.,Harry1T6,3,False,3,True,True,False,13
1218667694624362496,404,True,True,False,No comments.,Hyperbaly,3,False,3,True,True,False,13
1237552194779398145,405,True,True,False,No comments.,smadajleahcim,3,False,3,False,False,True,13
1221738784972296194,406,False,True,False,No comments.,IsraeliZara,3,False,3,False,False,False,13
1213574742046838785,407,True,True,False,No comments.,StephenUzzell2,3,False,3,False,False,False,13
1217042997847691264,408,True,True,True,No comments.,angelshm98,3,False,3,False,False,False,13
1231811275182788609,409,False,True,False,No comments.,lil_tiptoe,3,False,3,False,False,False,13
1245701249732734977,410,False,True,False,No comments.,hodge8004,3,False,3,False,False,False,13
1222013477511946242,411,True,True,False,No comments.,AFunnyValentine,3,False,3,False,False,True,13
1247585203171852290,412,True,True,False,No comments.,wa1singham,3,False,3,False,False,False,13
1238513066217635840,413,True,True,False,No comments.,IreneBr97053646,3,False,3,True,True,False,13
1212572788680093698,414,True,True,False,No comments.,Mottel,3,False,3,False,False,False,13
1255482522294784004,415,False,True,False,No comments.,DeploraH,3,False,3,False,False,False,13
1215278163451924482,416,True,True,False,No comments.,mac_balzac,3,False,3,False,False,False,13
1216436898241007616,417,True,True,False,No comments.,elbh,3,False,3,False,False,True,13
1247525024556187648,418,True,True,False,No comments.,JimmyBoyUSA,3,False,3,False,False,False,13
1255534763189903362,419,True,True,False,No comments.,BJHeart89,3,False,3,True,True,False,13
1216926263010418688,420,True,True,False,No comments.,JustSayXtian,4,False,3,False,False,False,13
1237886817191571456,421,True,True,False,No comments.,OpinionBoob1,3,False,3,False,False,False,13
1219095633560244224,422,True,True,False,No comments.,rumrot,3,False,3,False,False,False,13
1239987968468824065,423,True,True,False,No comments.,HolyCitizenship,3,False,3,False,False,False,13
1255641867233837057,424,False,True,False,No comments.,JohnSch77135806,3,False,3,False,False,False,13
1235121905587249152,425,True,True,False,No comments.,davidmartibooks,3,False,3,False,False,False,13
1220130357892304896,426,True,True,False,No comments.,ericpalmr,3,False,3,False,False,False,13
1221844207561666562,427,True,True,False,No comments.,stoopidsoph,3,False,3,False,False,True,13
1232756954839363589,428,False,True,False,No comments.,minxu0,3,False,3,False,False,False,13
1248743112937275392,429,True,True,False,No comments.,aust_toni,3,False,3,True,True,False,13
1218650768498184193,430,True,True,False,No comments.,TamkissBrown,3,False,3,False,False,False,13
1246822693225279489,431,True,True,False,No comments.,Changeling_1,5,False,3,False,True,False,13
1213939841177718784,432,True,True,False,No comments.,InTheBroth,1,False,3,False,False,False,13
1223769776436207617,433,True,True,False,No comments.,RealBettyCrocka,1,False,3,False,False,False,13
1252640447211675650,434,True,True,False,No comments.,Jeff90700437,3,False,3,False,False,False,13
1231176936069746688,435,True,True,False,No comments.,GenXnomadD,3,False,3,True,True,False,13
1218881901089476609,436,True,True,False,No comments.,RickGarber1,3,False,3,False,False,True,13
1246217715360112642,437,True,False,False,No comments.,kamrantahawar21,3,False,3,False,False,False,13
1248695046628671488,438,False,True,False,No comments.,EmmanuelCohen65,3,False,3,False,False,False,13
1220450890362105856,439,True,True,False,No comments.,pirateirwin,3,False,3,True,True,False,13
1219209511463837696,440,False,True,False,No comments.,Human70286217,3,False,3,False,False,False,13
1245862504783208450,441,True,True,False,No comments.,0nly4U2c,3,False,3,False,False,True,13
1224638326642225152,442,True,True,False,No comments.,Martinxddddd,3,False,3,True,True,False,13
1251170026129952769,443,False,True,False,No comments.,FrenReport,3,False,3,False,False,False,13
1221501586599366656,444,True,True,False,No comments.,stacyjostacyjo,1,False,3,False,False,False,13
1214410946258583553,445,False,True,False,No comments.,sarahyehudit,3,False,3,False,False,False,13
1221847225753464834,446,True,True,False,No comments.,vectorRide,3,False,3,False,False,True,13
1227806925326356480,447,False,True,False,No comments.,FrancoGroyper,3,False,3,False,False,False,13
1241252986065543169,448,True,True,False,No comments.,GioeleS,3,False,3,False,False,False,13
1222523635845541889,449,True,True,False,No comments.,ADL,2,False,3,False,False,False,13
1228835267307503616,450,True,True,False,No comments.,_Byron____,5,False,3,False,False,False,13
1252778107615903745,451,True,True,False,No comments.,AaronRozear,3,False,3,False,True,False,13
1214978347060670465,452,False,True,False,No comments.,any1butCorbyn,3,False,3,False,False,False,13
1235661646598676482,453,True,True,False,No comments.,BluehairCoffee,2,False,3,False,False,False,13
1247962694868705282,454,True,True,False,No comments.,paolamendoza,3,False,3,False,False,False,13
1219355089854439424,455,False,True,False,No comments.,SavedRepublica,3,False,3,False,False,False,13
1255433942569803776,456,False,True,False,No comments.,noneejudi,3,False,3,False,False,False,13
1212627758012084224,457,True,True,False,No comments.,2668,1,False,3,False,False,False,13
1221706808877887488,458,True,True,False,No comments.,rogerahicks,3,False,3,False,False,False,13
1222433493860409344,459,True,True,False,No comments.,mikerestorer,1,False,3,False,False,False,13
1237092882013736961,460,True,True,False,No comments.,cyndy77297,3,False,3,False,False,False,13
1222244345400692737,461,True,True,False,No comments.,tysusej3,3,False,3,False,False,False,13
1224498025894158336,462,True,True,False,No comments.,EZItzkowitz,3,False,3,True,True,False,13
1216424470547783680,463,True,True,False,No comments.,TheStuffOfMemes,3,False,3,False,True,False,13
1223117024886288386,464,False,True,False,No comments.,yayah38050524,3,False,3,False,False,False,13
1221353252530413570,465,True,True,False,No comments.,JuanFTrevino,1,False,3,False,False,False,13
1252494538259812352,466,False,True,False,No comments.,MohsenFiroozi4,3,False,3,False,False,False,13
1214639832762331136,467,True,True,False,No comments.,Federicobarald3,3,False,3,False,False,False,13
1221068253335654400,468,True,True,False,No comments.,blurbwriter,1,False,3,False,False,False,13
1249184200638574593,469,True,True,False,No comments.,KidrauhlARMYs,1,False,3,False,False,False,13
1213486197852397570,470,True,True,False,No comments.,iqbalmahat,2,False,3,False,True,False,13
1220283735213510656,471,True,True,False,No comments.,abhayka74264251,2,False,3,False,False,False,13
1214638656264142848,472,True,True,False,No comments.,GammaBolt,3,False,3,False,True,True,13
1212610654907125760,473,True,True,False,No comments.,EarthlingNathan,3,False,3,False,False,False,13
1214553111538388992,474,True,True,False,No comments.,GregBoucher93,2,False,3,True,True,False,13
1232002045122613249,475,True,True,False,No comments.,JoelMartinRubin,2,False,3,False,False,False,13
1213010002580922368,476,True,True,False,No comments.,callmestair,2,False,3,False,False,False,13
1219916116203577344,477,True,True,False,No comments.,3qWc4UBNemhCoxo,4,False,3,False,False,False,13
1255522231406473228,478,True,True,False,No comments.,SpookdBlog,3,False,3,False,False,False,13
1248241876005724161,479,True,True,False,No comments.,cjm427,4,False,3,False,False,False,13
1221886349835456514,480,True,True,False,No comments.,cesar_clavijo16,3,False,3,False,False,False,13
1221749979557060608,481,True,True,False,No comments.,cohen1232,3,False,3,False,False,True,13
1237189389614112769,482,True,True,False,No comments.,howtoheretic,3,False,3,False,False,True,13
1240234518063329280,483,True,True,False,No comments.,EmmanuelHaimSNE,4,False,3,False,False,False,13
1242094591622426624,484,False,True,False,No comments.,raspa_gh,3,False,3,False,False,False,13
1255566883559890944,485,False,True,False,No comments.,phillipsmanasco,3,False,3,False,False,False,13
1223758164077707267,486,False,True,False,No comments.,1776retweets171,3,False,3,False,False,False,13
1219739515029524480,487,True,True,False,No comments.,FarukHoosain,2,False,3,False,False,False,13
1224558784598683648,488,True,True,False,No comments.,Dannyosor,3,False,3,False,False,False,13
1246121373472378880,489,True,True,False,No comments.,SanaAhmer786,3,False,3,False,False,False,13
1255544601760296960,490,True,True,False,No comments.,ProDeoEtPatria7,3,False,3,False,False,True,13
1245073271420321795,491,True,True,False,No comments.,Tannie66364346,3,False,3,False,False,False,13
1233416319980261378,492,True,True,False,No comments.,jricole,1,False,3,False,False,False,13
1253517080638492673,493,True,True,False,No comments.,HikindDov,3,False,3,True,True,False,13
1223909721096192000,494,True,True,False,No comments.,daud95,2,False,3,False,False,False,13
1252127165468024832,495,False,True,False,No comments.,TonyShadoflite,3,False,3,False,False,False,13
1242493688871182338,496,True,True,False,No comments.,vparano,2,False,3,True,True,False,13
1229824829710372864,497,True,True,False,No comments.,scivhr,3,False,3,True,True,False,13
1244422785188761602,498,True,True,False,No comments.,PolishAnglo,2,False,3,False,False,False,13
1225525440376385539,499,True,True,True,No comments.,asperjack,3,False,3,False,False,False,13
1237083803874623488,500,True,True,False,No comments.,osehshalombim,3,False,3,False,False,False,13
