ID;Sample ID;Still Exists;In English;Sarcasm;Additional Comments;User;Antisemitism Rating;Disagree With;Sentiment Rating;Calling Out;Is About the Holocaust;IHRA Section
1,10479E+18;1;TRUE;TRUE;FALSE;No comments.;itsspitzmesser1;3;FALSE;3;TRUE;FALSE;13
1,16402E+18;2;TRUE;TRUE;FALSE;No comments.;grammycam;3;FALSE;3;TRUE;FALSE;13
1,17756E+18;3;TRUE;TRUE;FALSE;No comments.;brimoboy;2;FALSE;5;FALSE;FALSE;13
1,11237E+18;4;TRUE;TRUE;FALSE;No comments.;CollectivzdPaki;4;FALSE;3;FALSE;FALSE;7
1,16526E+18;5;TRUE;TRUE;FALSE;No comments.;Sal_Robins;3;FALSE;3;FALSE;TRUE;13
1,13265E+18;6;TRUE;TRUE;FALSE;No comments.;irishzionist;2;FALSE;3;FALSE;FALSE;13
1,1528E+18;7;TRUE;TRUE;FALSE;No comments.;ACEVAMPS;2;FALSE;3;FALSE;FALSE;13
1,11744E+18;8;TRUE;TRUE;FALSE;No comments.;JasonJkresge101;3;FALSE;3;TRUE;FALSE;13
1,20325E+18;9;TRUE;TRUE;FALSE;No comments.;MuslimMatters;2;FALSE;3;FALSE;TRUE;13
1,18028E+18;10;FALSE;TRUE;FALSE;No comments.;mrepaige;3;FALSE;3;FALSE;FALSE;13
1,10367E+18;11;TRUE;TRUE;FALSE;No comments.;Ian56789;5;FALSE;3;FALSE;FALSE;11
1,18042E+18;12;TRUE;TRUE;FALSE;No comments.;Marissa_C_Ryan;2;FALSE;3;FALSE;FALSE;13
1,13236E+18;13;TRUE;TRUE;FALSE;No comments.;KLE1967;2;FALSE;4;FALSE;FALSE;13
1,19213E+18;14;TRUE;TRUE;FALSE;No comments.;IsaaCarlitos;2;FALSE;3;FALSE;FALSE;13
1,08275E+18;15;FALSE;TRUE;FALSE;No comments.;mikachu6000;3;FALSE;3;FALSE;FALSE;13
1,1244E+18;16;TRUE;TRUE;FALSE;No comments.;Rick_Ingersoll;2;FALSE;3;FALSE;FALSE;13
1,17706E+18;17;TRUE;TRUE;FALSE;No comments.;EstherOfReilly;2;FALSE;3;FALSE;FALSE;13
1,12379E+18;18;TRUE;TRUE;FALSE;No comments.;AdriennePalinko;2;FALSE;3;FALSE;FALSE;13
1,16392E+18;19;TRUE;TRUE;FALSE;No comments.;Robirdie23;2;FALSE;3;TRUE;FALSE;13
1,08608E+18;20;TRUE;TRUE;FALSE;No comments.;pratapsodhia;2;FALSE;3;FALSE;TRUE;13
1,11637E+18;21;TRUE;TRUE;FALSE;No comments.;TheWeilerSide;2;TRUE;1;FALSE;FALSE;13
1,12871E+18;22;TRUE;TRUE;FALSE;No comments.;amdorgan;2;FALSE;3;FALSE;FALSE;13
1,16414E+18;23;TRUE;TRUE;FALSE;No comments.;Decker62S;3;FALSE;3;TRUE;FALSE;13
1,15339E+18;24;TRUE;TRUE;FALSE;No comments.;yanaranx;2;FALSE;3;FALSE;FALSE;13
1,14506E+18;25;FALSE;TRUE;FALSE;No comments.;PaulConroy;3;FALSE;3;FALSE;FALSE;13
1,09505E+18;26;TRUE;TRUE;FALSE;No comments.;gabhiyae;2;FALSE;3;FALSE;FALSE;13
1,10336E+18;27;TRUE;TRUE;FALSE;No comments.;DailyRound;2;FALSE;3;FALSE;FALSE;13
1,19618E+18;28;TRUE;TRUE;FALSE;No comments.;envrv1;2;FALSE;3;FALSE;FALSE;13
1,21129E+18;29;TRUE;TRUE;FALSE;No comments.;wallybert;2;FALSE;3;FALSE;FALSE;13
1,10369E+18;30;TRUE;TRUE;FALSE;No comments.;DeborahDiltz;3;FALSE;3;FALSE;FALSE;13
1,10917E+18;31;TRUE;TRUE;FALSE;No comments.;LizEady1;2;FALSE;3;FALSE;FALSE;13
1,18915E+18;32;TRUE;TRUE;FALSE;No comments.;C_Rich75;5;FALSE;2;FALSE;FALSE;2
1,17911E+18;33;TRUE;TRUE;FALSE;No comments.;JulietMosesNZ;3;FALSE;3;TRUE;FALSE;13
1,17475E+18;34;TRUE;TRUE;FALSE;No comments.;TamarWrites;3;FALSE;3;TRUE;FALSE;13
1,16345E+18;35;TRUE;TRUE;FALSE;No comments.;fergiedurgish;3;FALSE;3;TRUE;FALSE;13
1,16456E+18;36;TRUE;TRUE;FALSE;No comments.;IsraelNewsLinks;3;FALSE;4;FALSE;FALSE;13
1,20461E+18;37;FALSE;TRUE;FALSE;No comments.;shaysphere_;3;FALSE;3;FALSE;FALSE;13
1,08616E+18;38;TRUE;TRUE;FALSE;"reference to ""Black Hebrew Israelites"" /";extoflove;5;TRUE;3;FALSE;FALSE;2
1,18428E+18;39;TRUE;TRUE;FALSE;No comments.;DNy1818;2;FALSE;3;FALSE;FALSE;13
1,10688E+18;40;TRUE;TRUE;FALSE;No comments.;AbdulKabir_88;5;TRUE;3;FALSE;FALSE;2
1,20545E+18;41;TRUE;TRUE;FALSE;No comments.;Jon_Primett;3;FALSE;3;TRUE;FALSE;13
1,124E+18;42;TRUE;TRUE;FALSE;No comments.;NanaLindaK;2;FALSE;3;FALSE;FALSE;13
1,21125E+18;43;TRUE;TRUE;FALSE;No comments.;OzraeliAvi;3;FALSE;3;TRUE;FALSE;13
1,08963E+18;44;TRUE;TRUE;FALSE;No comments.;Mdwortman630;3;FALSE;3;FALSE;TRUE;13
1,08196E+18;45;FALSE;TRUE;FALSE;No comments.;rogersurfacings;3;FALSE;3;FALSE;FALSE;13
1,16116E+18;46;TRUE;TRUE;FALSE;No comments.;waldrebe;2;FALSE;3;FALSE;FALSE;13
1,0891E+18;47;TRUE;TRUE;FALSE;No comments.;Muhareb1;5;FALSE;3;FALSE;FALSE;2
1,16551E+18;48;TRUE;TRUE;FALSE;No comments.;jerweber;2;FALSE;3;FALSE;FALSE;13
1,18027E+18;49;TRUE;TRUE;FALSE;bot using markov chain;MarkovOfGP;2;FALSE;3;FALSE;FALSE;13
1,17943E+18;50;TRUE;TRUE;FALSE;No comments.;KeaneDom;3;FALSE;3;TRUE;FALSE;13
1,2085E+18;51;TRUE;TRUE;FALSE;No comments.;PaleoconUSA;5;FALSE;3;FALSE;FALSE;2
1,12387E+18;52;TRUE;TRUE;FALSE;No comments.;Barbareebob;2;FALSE;3;FALSE;TRUE;13
1,11648E+18;53;TRUE;TRUE;FALSE;No comments.;hossein_hsh_naj;2;FALSE;3;FALSE;FALSE;13
1,20225E+18;54;TRUE;TRUE;FALSE;No comments.;NazareneWarrior;3;FALSE;3;TRUE;FALSE;13
1,13347E+18;55;TRUE;TRUE;FALSE;No comments.;drormosh;2;FALSE;3;FALSE;FALSE;13
1,14884E+18;56;TRUE;TRUE;FALSE;No comments.;Obsessedabroad;3;FALSE;3;TRUE;FALSE;13
1,17334E+18;57;TRUE;TRUE;FALSE;No comments.;lamsmykenya;4;FALSE;3;FALSE;FALSE;2
1,19586E+18;58;TRUE;TRUE;FALSE;No comments.;HERB1Ederbie;4;FALSE;3;FALSE;FALSE;2
1,13792E+18;59;TRUE;TRUE;TRUE;No comments.;DSBrenchley;2;FALSE;3;FALSE;FALSE;13
1,1527E+18;60;TRUE;TRUE;FALSE;No comments.;B52Fran;3;FALSE;3;TRUE;FALSE;13
1,1034E+18;61;TRUE;TRUE;FALSE;No comments.;VOANews;3;FALSE;3;FALSE;TRUE;13
1,10676E+18;62;TRUE;TRUE;FALSE;No comments.;JalalMuhammad7;4;FALSE;3;FALSE;FALSE;13
1,20232E+18;63;TRUE;TRUE;FALSE;No comments.;tdraicer;2;FALSE;3;TRUE;FALSE;13
1,10512E+18;64;TRUE;TRUE;FALSE;No comments.;Noetic_Karma;2;FALSE;3;TRUE;FALSE;13
1,15293E+18;65;TRUE;TRUE;FALSE;No comments.;ajm510;2;FALSE;3;FALSE;FALSE;13
1,20072E+18;66;TRUE;TRUE;FALSE;No comments.;MiddleEastEye;4;TRUE;3;FALSE;FALSE;9
1,10522E+18;67;TRUE;TRUE;FALSE;No comments.;PissedOffinNH;3;FALSE;3;TRUE;FALSE;13
1,08954E+18;68;TRUE;TRUE;FALSE;No comments.;RobinGilley;2;FALSE;3;FALSE;TRUE;13
1,20464E+18;69;FALSE;TRUE;FALSE;No comments.;David_L_London;3;FALSE;3;FALSE;FALSE;13
1,0996E+18;70;TRUE;TRUE;FALSE;No comments.;maxoufix;2;FALSE;3;FALSE;TRUE;13
1,12317E+18;71;TRUE;TRUE;FALSE;No comments.;HJLH2Ocolors;2;FALSE;3;FALSE;FALSE;13
1,13742E+18;72;TRUE;TRUE;FALSE;No comments.;TinklerStephen;2;FALSE;3;FALSE;FALSE;13
1,21015E+18;73;FALSE;TRUE;FALSE;No comments.;ianjmatt;3;FALSE;3;FALSE;FALSE;13
1,19308E+18;74;TRUE;TRUE;FALSE;No comments.;baranoshojo;2;FALSE;3;FALSE;TRUE;13
1,13371E+18;75;TRUE;TRUE;FALSE;No comments.;MitraniDiana;3;FALSE;3;TRUE;FALSE;13
1,16975E+18;76;FALSE;TRUE;FALSE;No comments.;memasthree;3;FALSE;3;FALSE;FALSE;13
1,1447E+18;77;TRUE;TRUE;FALSE;No comments.;MagaAngeles;2;FALSE;3;FALSE;FALSE;13
1,16421E+18;78;TRUE;TRUE;FALSE;No comments.;jbstaniforth;2;FALSE;3;TRUE;FALSE;13
1,15303E+18;79;TRUE;TRUE;FALSE;No comments.;corinnekauderer;2;FALSE;3;FALSE;FALSE;13
1,1232E+18;80;FALSE;TRUE;FALSE;No comments.;georgew73855762;3;FALSE;3;FALSE;FALSE;13
1,12399E+18;81;TRUE;TRUE;FALSE;No comments.;Sards;2;FALSE;3;FALSE;FALSE;13
1,17988E+18;82;TRUE;TRUE;FALSE;No comments.;HCHyson;2;FALSE;3;FALSE;FALSE;13
1,08605E+18;83;TRUE;TRUE;FALSE;No comments.;milton_mick;5;FALSE;3;FALSE;FALSE;2
1,12659E+18;84;TRUE;TRUE;FALSE;No comments.;msnicole1124;2;FALSE;3;FALSE;FALSE;13
1,15904E+18;85;TRUE;TRUE;FALSE;No comments.;LKG723;2;FALSE;3;FALSE;FALSE;13
1,11572E+18;86;TRUE;TRUE;FALSE;No comments.;marycorr58;3;FALSE;3;TRUE;FALSE;13
1,13957E+18;87;TRUE;TRUE;FALSE;No comments.;FelipeEnzoS;2;FALSE;3;FALSE;FALSE;13
1,15149E+18;88;TRUE;TRUE;FALSE;No comments.;fenderstrat1023;2;FALSE;3;FALSE;FALSE;13
1,20828E+18;89;FALSE;TRUE;FALSE;No comments.;Eclectic2019;3;FALSE;3;FALSE;FALSE;13
1,16434E+18;90;TRUE;TRUE;TRUE;No comments.;staceyk1968;2;FALSE;3;FALSE;FALSE;13
1,16491E+18;91;TRUE;TRUE;FALSE;No comments.;RamGupt82783087;2;FALSE;3;FALSE;FALSE;13
1,14622E+18;92;FALSE;TRUE;FALSE;No comments.;j0000e;3;FALSE;3;FALSE;FALSE;13
1,19551E+18;93;TRUE;TRUE;FALSE;No comments.;antiterrorlaw;2;FALSE;3;TRUE;FALSE;13
1,10545E+18;94;TRUE;TRUE;FALSE;No comments.;KnowWhatsRight1;2;FALSE;3;FALSE;FALSE;13
1,19413E+18;95;TRUE;TRUE;FALSE;No comments.;ziziaboo;2;FALSE;3;FALSE;FALSE;13
1,15253E+18;96;TRUE;TRUE;FALSE;No comments.;raaiiii_;2;TRUE;3;FALSE;FALSE;13
1,14242E+18;97;TRUE;TRUE;FALSE;No comments.;Reconqu77460275;2;FALSE;3;FALSE;FALSE;13
1,09095E+18;98;FALSE;TRUE;FALSE;No comments.;Louisedressing;3;FALSE;3;FALSE;FALSE;13
1,0844E+18;99;FALSE;TRUE;FALSE;No comments.;mikeyscot;3;FALSE;3;FALSE;FALSE;13
1,1844E+18;100;TRUE;TRUE;FALSE;No comments.;lamahasan22;5;FALSE;2;FALSE;FALSE;7
1,08944E+18;101;TRUE;TRUE;FALSE;No comments.;jschmidt0888;2;FALSE;3;FALSE;FALSE;13
1,12325E+18;102;TRUE;TRUE;TRUE;No comments.;Matzly;2;FALSE;3;TRUE;FALSE;13
1,16865E+18;103;FALSE;TRUE;FALSE;No comments.;nogodinvolved1;3;FALSE;3;FALSE;FALSE;13
1,08207E+18;104;TRUE;TRUE;FALSE;No comments.;The_News_DIVA;3;FALSE;3;TRUE;FALSE;13
1,20669E+18;105;TRUE;TRUE;FALSE;No comments.;MHayehudi;2;FALSE;3;FALSE;FALSE;13
1,16457E+18;106;TRUE;TRUE;FALSE;No comments.;DanielShawNYC;2;FALSE;3;TRUE;FALSE;13
1,16587E+18;107;TRUE;TRUE;FALSE;No comments.;Johann91045712;2;FALSE;1;FALSE;FALSE;13
1,1933E+18;108;TRUE;TRUE;FALSE;No comments.;AdriMoreau;2;FALSE;3;FALSE;FALSE;13
1,17957E+18;109;FALSE;TRUE;FALSE;No comments.;BobaSquared;3;FALSE;3;FALSE;FALSE;13
1,09501E+18;110;TRUE;TRUE;FALSE;No comments.;Briyonce93;2;FALSE;3;TRUE;FALSE;13
1,21159E+18;111;FALSE;TRUE;FALSE;No comments.;jamersr13;3;FALSE;3;FALSE;FALSE;13
1,10661E+18;112;TRUE;TRUE;FALSE;No comments.;theblackestbat;3;FALSE;3;TRUE;FALSE;13
1,10821E+18;113;TRUE;TRUE;FALSE;No comments.;larsiemore;2;FALSE;3;FALSE;FALSE;13
1,10262E+18;114;TRUE;TRUE;FALSE;No comments.;JoeNBC;2;FALSE;3;FALSE;FALSE;13
1,153E+18;115;TRUE;TRUE;FALSE;No comments.;ev73881647;2;FALSE;3;FALSE;TRUE;13
1,18129E+18;116;TRUE;TRUE;FALSE;No comments.;auschwitzxhibit;2;FALSE;3;FALSE;TRUE;13
1,17838E+18;117;TRUE;TRUE;FALSE;No comments.;no_jew_hate;2;FALSE;3;FALSE;FALSE;13
1,18848E+18;118;TRUE;TRUE;FALSE;No comments.;coldbean;2;FALSE;3;TRUE;FALSE;13
1,13559E+18;119;TRUE;TRUE;FALSE;No comments.;mindserenade;2;FALSE;3;FALSE;FALSE;13
1,20139E+18;120;TRUE;TRUE;FALSE;No comments.;SChristy16;2;FALSE;3;TRUE;FALSE;13
1,20256E+18;121;FALSE;TRUE;FALSE;No comments.;soccerdhg;3;FALSE;3;FALSE;FALSE;13
1,08991E+18;122;TRUE;TRUE;FALSE;No comments.;doctor_snyder;2;FALSE;3;FALSE;TRUE;13
1,19538E+18;123;TRUE;TRUE;FALSE;No comments.;puffin1952;2;FALSE;3;FALSE;FALSE;13
1,12232E+18;124;TRUE;TRUE;FALSE;No comments.;masg66;3;FALSE;3;TRUE;FALSE;13
1,15097E+18;125;FALSE;TRUE;FALSE;No comments.;CandleOfHope77;3;FALSE;3;FALSE;FALSE;13
1,2002E+18;126;TRUE;TRUE;TRUE;No comments.;Realchib;3;FALSE;3;FALSE;FALSE;13
1,20907E+18;127;TRUE;TRUE;FALSE;No comments.;KibirigeLou;2;FALSE;3;FALSE;FALSE;13
1,20603E+18;128;TRUE;TRUE;FALSE;No comments.;BernieUpstateNY;2;FALSE;3;FALSE;FALSE;13
1,10435E+18;129;TRUE;TRUE;FALSE;No comments.;failedanarchist;2;FALSE;3;FALSE;FALSE;13
1,12799E+18;130;TRUE;TRUE;FALSE;No comments.;PlankySmith;2;FALSE;3;FALSE;FALSE;13
1,10338E+18;131;TRUE;TRUE;FALSE;No comments.;Leonstarr6;2;FALSE;3;FALSE;FALSE;13
1,14139E+18;132;TRUE;TRUE;FALSE;No comments.;pollsstar;2;FALSE;3;FALSE;FALSE;13
1,10638E+18;133;TRUE;TRUE;FALSE;No comments.;RobertS30289919;3;FALSE;3;TRUE;FALSE;13
1,11098E+18;134;TRUE;TRUE;FALSE;No comments.;GeorgeHostanza;2;FALSE;3;FALSE;FALSE;13
1,10697E+18;135;TRUE;TRUE;FALSE;No comments.;fasdirnuur;2;TRUE;3;FALSE;FALSE;13
1,12897E+18;136;FALSE;TRUE;FALSE;No comments.;CdLutetia;3;FALSE;3;FALSE;FALSE;13
1,1505E+18;137;TRUE;TRUE;FALSE;No comments.;StrangeLight;2;FALSE;3;FALSE;FALSE;13
1,12328E+18;138;TRUE;TRUE;FALSE;No comments.;pollsstar;2;FALSE;3;FALSE;FALSE;13
1,13664E+18;139;TRUE;TRUE;FALSE;No comments.;LatestMessiah;3;FALSE;3;TRUE;FALSE;13
1,08704E+18;140;TRUE;TRUE;FALSE;No comments.;KazeemJaleel;4;FALSE;3;FALSE;FALSE;0
1,10546E+18;141;TRUE;TRUE;FALSE;No comments.;zenjk0;4;FALSE;3;FALSE;FALSE;3
1,0957E+18;142;TRUE;TRUE;FALSE;No comments.;Max_Not_Mark;3;FALSE;3;TRUE;FALSE;13
1,16394E+18;143;TRUE;TRUE;FALSE;"not quite sure about this tweet. from my point it contains ambiguous content, coded with a conspiracy about a controlled ""replacement"" of peoples";traderjohnt1;2;FALSE;3;FALSE;FALSE;13
1,12242E+18;144;TRUE;TRUE;FALSE;No comments.;robertdartford;2;FALSE;3;FALSE;FALSE;13
1,11962E+18;145;FALSE;TRUE;FALSE;No comments.;Caliicoder3;3;FALSE;3;FALSE;FALSE;13
1,14031E+18;146;TRUE;TRUE;FALSE;No comments.;IntelDoge;3;FALSE;3;TRUE;FALSE;13
1,21156E+18;147;TRUE;TRUE;FALSE;No comments.;johnstone3rd;2;FALSE;3;FALSE;FALSE;13
1,09096E+18;148;TRUE;TRUE;FALSE;No comments.;Fdnymt;2;FALSE;3;FALSE;FALSE;13
1,20378E+18;149;TRUE;TRUE;FALSE;No comments.;K_Breinig;3;FALSE;3;TRUE;FALSE;13
1,17721E+18;150;FALSE;TRUE;FALSE;No comments.;Bdragon1984;3;FALSE;3;FALSE;FALSE;13
1,126E+18;151;FALSE;TRUE;FALSE;No comments.;violfiddler;3;FALSE;3;FALSE;FALSE;13
1,19387E+18;152;TRUE;TRUE;FALSE;No comments.;ParaRjs;2;FALSE;3;FALSE;TRUE;13
1,2118E+18;153;TRUE;TRUE;FALSE;No comments.;maxmcevoy;2;FALSE;3;FALSE;FALSE;13
1,20707E+18;154;FALSE;TRUE;FALSE;No comments.;713HatesPutin;3;FALSE;3;FALSE;FALSE;13
1,13522E+18;155;TRUE;TRUE;FALSE;No comments.;joshrobin;2;FALSE;3;FALSE;FALSE;13
1,15947E+18;156;TRUE;TRUE;FALSE;No comments.;NC_CyberLaw;2;FALSE;3;FALSE;FALSE;13
1,15109E+18;157;TRUE;TRUE;FALSE;No comments.;Prcamiller;2;FALSE;3;FALSE;FALSE;13
1,17793E+18;158;FALSE;TRUE;FALSE;No comments.;viv_aldo;3;FALSE;3;FALSE;FALSE;13
1,14042E+18;159;TRUE;TRUE;FALSE;No comments.;JoeSmit34957337;2;FALSE;3;FALSE;FALSE;13
1,16395E+18;160;TRUE;TRUE;FALSE;No comments.;dragonlou2;2;FALSE;3;FALSE;FALSE;13
1,08965E+18;161;TRUE;TRUE;FALSE;No comments.;barbara07040;2;FALSE;3;FALSE;TRUE;13
1,20475E+18;162;TRUE;TRUE;FALSE;No comments.;Antimony1954;2;FALSE;3;FALSE;FALSE;13
1,16165E+18;163;TRUE;TRUE;FALSE;No comments.;RealBB7;2;FALSE;3;FALSE;TRUE;13
1,10656E+18;164;TRUE;TRUE;FALSE;No comments.;Ex__Scorpion;2;TRUE;3;FALSE;FALSE;13
1,20142E+18;165;TRUE;TRUE;FALSE;No comments.;HertfordshireI;2;FALSE;3;FALSE;FALSE;13
1,09507E+18;166;TRUE;TRUE;FALSE;No comments.;TheAllKnowingN1;2;FALSE;2;FALSE;FALSE;13
1,16333E+18;167;TRUE;TRUE;FALSE;No comments.;daledamos;2;FALSE;3;TRUE;FALSE;13
1,19535E+18;168;TRUE;TRUE;FALSE;No comments.;mark_the_god;2;FALSE;3;FALSE;FALSE;13
1,12392E+18;169;TRUE;TRUE;FALSE;No comments.;DrDarco;2;FALSE;3;FALSE;FALSE;13
1,12226E+18;170;TRUE;TRUE;FALSE;No comments.;louise_q10;2;FALSE;3;TRUE;FALSE;13
1,15443E+18;171;TRUE;TRUE;FALSE;No comments.;srecniprinc;2;FALSE;3;FALSE;FALSE;13
1,17712E+18;172;TRUE;TRUE;FALSE;No comments.;daviesatkl;2;FALSE;3;FALSE;FALSE;13
1,19576E+18;173;TRUE;TRUE;FALSE;No comments.;DavidHirsh;2;FALSE;3;FALSE;FALSE;13
1,10467E+18;174;TRUE;TRUE;FALSE;No comments.;Telboywestgate;2;FALSE;3;TRUE;FALSE;13
1,1531E+18;175;TRUE;TRUE;FALSE;No comments.;RosenbergDM;2;FALSE;3;FALSE;FALSE;13
1,17543E+18;176;TRUE;TRUE;FALSE;No comments.;karolinnkamm;2;FALSE;3;FALSE;TRUE;13
1,09919E+18;177;TRUE;TRUE;FALSE;No comments.;supergeenie;2;FALSE;2;FALSE;FALSE;13
1,13408E+18;178;FALSE;TRUE;FALSE;No comments.;DeepakS25697991;3;FALSE;3;FALSE;FALSE;13
1,13634E+18;179;TRUE;TRUE;FALSE;No comments.;Galil_kunP5;2;FALSE;3;FALSE;FALSE;13
1,16975E+18;180;TRUE;TRUE;FALSE;No comments.;RealFGSilva;2;FALSE;3;FALSE;FALSE;13
1,0952E+18;181;TRUE;TRUE;FALSE;No comments.;KahlerSabrina;2;FALSE;3;FALSE;FALSE;13
1,15413E+18;182;TRUE;TRUE;FALSE;No comments.;spiderzjay;4;FALSE;3;FALSE;FALSE;7
1,11866E+18;183;TRUE;TRUE;FALSE;No comments.;LisaAnn27392462;2;FALSE;3;FALSE;FALSE;13
1,16429E+18;184;TRUE;TRUE;FALSE;No comments.;dcutler1958;2;FALSE;3;TRUE;FALSE;13
1,1523E+18;185;FALSE;TRUE;FALSE;No comments.;MarshallCSmith1;3;FALSE;3;FALSE;FALSE;13
1,16887E+18;186;TRUE;TRUE;TRUE;No comments.;emzeekg;3;FALSE;3;TRUE;FALSE;13
1,14103E+18;187;TRUE;TRUE;FALSE;No comments.;MaryandBessie;2;FALSE;3;TRUE;TRUE;13
1,10716E+18;188;TRUE;TRUE;FALSE;No comments.;librariecheryl;2;FALSE;3;FALSE;FALSE;13
1,1992E+18;189;TRUE;TRUE;FALSE;No comments.;magicmanavfc;2;FALSE;3;FALSE;FALSE;13
1,11654E+18;190;TRUE;TRUE;FALSE;No comments.;katolikongpinoy;4;FALSE;3;FALSE;FALSE;0
1,10149E+18;191;TRUE;TRUE;FALSE;No comments.;_arerere;2;FALSE;3;FALSE;FALSE;13
1,12187E+18;192;TRUE;TRUE;FALSE;No comments.;dwren99;2;FALSE;3;TRUE;FALSE;13
1,1142E+18;193;TRUE;TRUE;FALSE;No comments.;donahueangel;2;FALSE;3;TRUE;FALSE;13
1,13305E+18;194;TRUE;TRUE;FALSE;No comments.;iivimasso;2;FALSE;3;FALSE;FALSE;13
1,17116E+18;195;TRUE;TRUE;FALSE;No comments.;SmithsonianMag;2;FALSE;3;FALSE;FALSE;13
1,20341E+18;196;TRUE;TRUE;FALSE;No comments.;herbstdw;2;FALSE;3;FALSE;FALSE;13
1,21149E+18;197;TRUE;TRUE;FALSE;No comments.;cleanandsober98;2;FALSE;3;FALSE;FALSE;13
1,19853E+18;198;TRUE;TRUE;FALSE;No comments.;hoaxeye;2;FALSE;3;FALSE;FALSE;13
1,21165E+18;199;TRUE;TRUE;FALSE;No comments.;roadtosingapore;2;FALSE;3;FALSE;FALSE;13
1,16259E+18;200;TRUE;TRUE;FALSE;No comments.;TivRonen;2;FALSE;3;TRUE;FALSE;13
1,13445E+18;201;TRUE;TRUE;FALSE;No comments.;MacDougall93;1;FALSE;3;FALSE;FALSE;13
1,16251E+18;202;TRUE;TRUE;FALSE;No comments.;lancaster_art;2;FALSE;3;TRUE;FALSE;13
1,11442E+18;203;TRUE;TRUE;FALSE;No comments.;MartinPujdak;2;FALSE;3;TRUE;FALSE;13
1,14116E+18;204;TRUE;TRUE;FALSE;No comments.;ponderosa777;2;FALSE;3;TRUE;FALSE;13
1,10957E+18;205;TRUE;TRUE;FALSE;No comments.;sammylnvw;2;FALSE;3;FALSE;FALSE;13
1,10301E+18;206;TRUE;TRUE;FALSE;No comments.;ElleDiablo98;2;FALSE;3;FALSE;FALSE;13
1,1053E+18;207;FALSE;TRUE;FALSE;No comments.;dyhtpps;3;FALSE;3;FALSE;FALSE;13
1,15022E+18;208;TRUE;TRUE;FALSE;well, she is calling out for antisemitsm while her argument isn't fairly good too.;danienme_danie1;2;FALSE;3;TRUE;FALSE;13
1,10388E+18;209;TRUE;TRUE;FALSE;No comments.;MelvinNudelman;2;FALSE;3;FALSE;FALSE;13
1,09579E+18;210;TRUE;TRUE;FALSE;No comments.;rukiaa_osman;2;FALSE;3;FALSE;FALSE;13
1,10982E+18;211;TRUE;TRUE;FALSE;No comments.;NYPDJew;2;FALSE;3;FALSE;FALSE;13
1,17292E+18;212;FALSE;TRUE;FALSE;No comments.;gomiriam63;3;FALSE;3;FALSE;FALSE;13
1,10294E+18;213;TRUE;TRUE;FALSE;No comments.;conceptjournal;2;FALSE;3;FALSE;FALSE;13
1,10673E+18;214;TRUE;TRUE;FALSE;No comments.;EricRoybc;2;FALSE;5;FALSE;FALSE;13
1,18131E+18;215;TRUE;TRUE;FALSE;No comments.;moe_reezy;2;FALSE;1;FALSE;FALSE;13
1,12301E+18;216;TRUE;TRUE;FALSE;No comments.;NancyKr42065306;2;FALSE;3;FALSE;FALSE;13
1,08176E+18;217;TRUE;TRUE;FALSE;No comments.;NazihaSaleh;2;FALSE;1;FALSE;FALSE;13
1,16419E+18;218;TRUE;TRUE;FALSE;No comments.;MAGALOGAN2379;2;FALSE;3;FALSE;FALSE;13
1,20628E+18;219;FALSE;TRUE;FALSE;No comments.;jewcommie;3;FALSE;3;FALSE;FALSE;13
1,20739E+18;220;FALSE;TRUE;FALSE;No comments.;Rosa60044194;3;FALSE;3;FALSE;FALSE;13
1,08958E+18;221;TRUE;TRUE;FALSE;No comments.;kennethpayne01;2;FALSE;3;FALSE;TRUE;13
1,09482E+18;222;TRUE;TRUE;FALSE;No comments.;VVNkrefeld;2;FALSE;3;FALSE;TRUE;13
1,1593E+18;223;TRUE;TRUE;FALSE;No comments.;classicsrecords;2;FALSE;3;FALSE;FALSE;13
1,11534E+18;224;FALSE;TRUE;FALSE;No comments.;HKesvani;3;FALSE;3;FALSE;FALSE;13
1,1589E+18;225;TRUE;TRUE;FALSE;No comments.;jewishaction;2;FALSE;3;FALSE;FALSE;13
1,09591E+18;226;TRUE;TRUE;FALSE;No comments.;realdealfakery;2;FALSE;3;FALSE;FALSE;13
1,16012E+18;227;TRUE;TRUE;FALSE;No comments.;SevenShepherd;2;FALSE;3;FALSE;FALSE;13
1,21118E+18;228;TRUE;TRUE;FALSE;No comments.;Nobby_greens;2;FALSE;3;TRUE;FALSE;13
1,12809E+18;229;TRUE;TRUE;FALSE;No comments.;BoxingMD1;2;FALSE;3;TRUE;FALSE;13
1,15315E+18;230;TRUE;TRUE;FALSE;No comments.;dg5228;2;FALSE;3;FALSE;FALSE;13
1,08889E+18;231;TRUE;TRUE;FALSE;No comments.;89tailormade;2;FALSE;3;FALSE;FALSE;13
1,13006E+18;232;TRUE;TRUE;FALSE;No comments.;findmethestars;2;FALSE;3;FALSE;FALSE;13
1,1509E+18;233;TRUE;TRUE;FALSE;No comments.;Moreskyplease;2;FALSE;3;FALSE;FALSE;13
1,14915E+18;234;TRUE;TRUE;FALSE;No comments.;JohnnyMilton8;2;FALSE;3;FALSE;FALSE;13
1,13287E+18;235;TRUE;TRUE;FALSE;No comments.;deenie7940;2;FALSE;3;FALSE;FALSE;13
1,12262E+18;236;TRUE;TRUE;FALSE;No comments.;ClaraMuzik;2;FALSE;3;FALSE;FALSE;13
1,16834E+18;237;FALSE;TRUE;FALSE;No comments.;PoulSamateh;3;FALSE;3;FALSE;FALSE;13
1,14431E+18;238;TRUE;TRUE;FALSE;No comments.;leonardsilverb1;2;FALSE;3;FALSE;FALSE;13
1,08209E+18;239;TRUE;TRUE;TRUE;No comments.;Lifeizgud46;3;FALSE;3;FALSE;FALSE;13
1,12234E+18;240;TRUE;TRUE;FALSE;No comments.;Dragonfy03;2;FALSE;2;FALSE;FALSE;13
1,21165E+18;241;TRUE;TRUE;FALSE;No comments.;twilouhom;2;FALSE;3;TRUE;FALSE;13
1,08053E+18;242;TRUE;TRUE;FALSE;No comments.;AtheistRepublic;2;FALSE;3;FALSE;FALSE;13
1,15195E+18;243;TRUE;TRUE;FALSE;No comments.;ofredericksimon;2;FALSE;3;FALSE;FALSE;13
1,16467E+18;244;TRUE;TRUE;FALSE;No comments.;Teresa_LS;2;FALSE;3;FALSE;FALSE;13
1,09626E+18;245;TRUE;TRUE;FALSE;No comments.;TammyBerney;2;FALSE;3;FALSE;FALSE;13
1,12631E+18;246;TRUE;TRUE;FALSE;No comments.;carolepheart;2;FALSE;3;TRUE;FALSE;13
1,13703E+18;247;TRUE;TRUE;FALSE;No comments.;lishevita;2;FALSE;3;FALSE;FALSE;13
1,11501E+18;248;FALSE;TRUE;FALSE;No comments.;resistdotard;3;FALSE;3;FALSE;FALSE;13
1,15272E+18;249;TRUE;TRUE;FALSE;No comments.;Megresistor;2;FALSE;3;FALSE;FALSE;13
1,11566E+18;250;TRUE;TRUE;FALSE;No comments.;Charlot38927993;2;FALSE;3;FALSE;FALSE;13
1,21162E+18;251;TRUE;TRUE;FALSE;No comments.;heartfuldiana;2;FALSE;3;TRUE;FALSE;13
1,15189E+18;252;TRUE;TRUE;FALSE;No comments.;BetsyBG;2;FALSE;3;FALSE;FALSE;13
1,16426E+18;253;TRUE;TRUE;FALSE;No comments.;dmstrout;2;FALSE;3;TRUE;FALSE;13
1,20484E+18;254;TRUE;TRUE;FALSE;No comments.;kalisah;2;FALSE;3;FALSE;FALSE;13
1,20696E+18;255;TRUE;TRUE;FALSE;No comments.;RedRoseRomeo;2;FALSE;3;FALSE;FALSE;13
1,12248E+18;256;TRUE;TRUE;FALSE;No comments.;DTMsport;2;FALSE;3;FALSE;FALSE;13
1,12006E+18;257;TRUE;TRUE;FALSE;No comments.;franlcomercial;2;FALSE;3;TRUE;FALSE;13
1,10568E+18;258;TRUE;TRUE;FALSE;No comments.;Penumbr06005137;2;FALSE;2;FALSE;FALSE;13
1,1185E+18;259;TRUE;TRUE;FALSE;No comments.;JJBoxer1;2;FALSE;3;FALSE;FALSE;13
1,12234E+18;260;TRUE;TRUE;FALSE;No comments.;amvn90210;2;FALSE;3;FALSE;FALSE;13
1,09507E+18;261;TRUE;TRUE;FALSE;No comments.;DubJ;2;TRUE;3;FALSE;FALSE;13
1,11745E+18;262;TRUE;TRUE;FALSE;No comments.;GodLovesUgly22;2;FALSE;3;FALSE;FALSE;13
1,1651E+18;263;TRUE;TRUE;FALSE;No comments.;Nickidewbear;2;FALSE;3;FALSE;FALSE;13
1,19225E+18;264;TRUE;TRUE;FALSE;No comments.;Eugeniabanuelos;2;FALSE;3;FALSE;FALSE;13
1,15346E+18;265;FALSE;TRUE;FALSE;No comments.;WinterLoverYeah;3;FALSE;3;FALSE;FALSE;13
1,21117E+18;266;TRUE;TRUE;FALSE;No comments.;KevinBooker212;2;FALSE;3;FALSE;FALSE;13
1,15194E+18;267;TRUE;TRUE;FALSE;No comments.;gal_judi;2;FALSE;3;TRUE;FALSE;13
1,17485E+18;268;TRUE;TRUE;FALSE;No comments.;allen_rl;2;FALSE;3;FALSE;FALSE;13
1,12887E+18;269;TRUE;TRUE;FALSE;No comments.;fabiola_liano;2;FALSE;3;FALSE;FALSE;13
1,16326E+18;270;TRUE;TRUE;FALSE;No comments.;zeusFanHouse;2;FALSE;3;FALSE;FALSE;13
1,18517E+18;271;TRUE;TRUE;FALSE;No comments.;TheProleStar;2;FALSE;3;FALSE;FALSE;13
1,10744E+18;272;TRUE;TRUE;FALSE;No comments.;AntisemitismEye;2;FALSE;3;FALSE;FALSE;13
1,16435E+18;273;TRUE;TRUE;FALSE;No comments.;KittyKatInHeels;2;FALSE;3;FALSE;FALSE;13
1,11782E+18;274;TRUE;TRUE;FALSE;No comments.;wilmca;2;FALSE;3;TRUE;FALSE;13
1,16464E+18;275;TRUE;TRUE;FALSE;No comments.;lemdfde;2;FALSE;3;FALSE;FALSE;13
1,18986E+18;276;TRUE;TRUE;FALSE;reference to British National Party - BNP;estebanlee2;3;FALSE;3;FALSE;FALSE;13
1,20483E+18;277;TRUE;TRUE;FALSE;No comments.;ArcaciaA;2;FALSE;3;FALSE;FALSE;13
1,12978E+18;278;TRUE;TRUE;FALSE;No comments.;TarekFatah;2;FALSE;3;FALSE;FALSE;13
1,13654E+18;279;TRUE;TRUE;FALSE;No comments.;lightbluegreen1;2;FALSE;1;FALSE;FALSE;13
1,16432E+18;280;TRUE;TRUE;FALSE;No comments.;Joseph_Santoro;2;FALSE;3;TRUE;FALSE;13
1,1227E+18;281;FALSE;TRUE;FALSE;No comments.;cantstopyellen;3;FALSE;3;FALSE;FALSE;13
1,1154E+18;282;TRUE;TRUE;FALSE;No comments.;Beachbum1954;2;FALSE;3;FALSE;FALSE;13
1,20039E+18;283;TRUE;TRUE;FALSE;No comments.;DAISYOLIVlA;2;FALSE;3;FALSE;FALSE;13
1,11204E+18;284;TRUE;TRUE;FALSE;No comments.;wiganshale;2;FALSE;1;FALSE;FALSE;13
1,10431E+18;285;TRUE;TRUE;FALSE;No comments.;KristyM9;2;FALSE;3;FALSE;FALSE;13
1,09254E+18;286;TRUE;TRUE;FALSE;No comments.;olemissliberal;4;FALSE;3;FALSE;FALSE;0
1,19972E+18;287;TRUE;TRUE;FALSE;No comments.;Southviabirth;2;FALSE;3;TRUE;FALSE;13
1,16378E+18;288;TRUE;TRUE;FALSE;No comments.;farabundista_x;2;FALSE;3;FALSE;FALSE;13
1,1899E+18;289;TRUE;TRUE;FALSE;No comments.;dhalterman1;2;FALSE;3;FALSE;FALSE;13
1,13423E+18;290;TRUE;TRUE;FALSE;No comments.;ManhattanMara;2;FALSE;3;FALSE;TRUE;13
1,0799E+18;291;TRUE;TRUE;FALSE;No comments.;Barreja;2;FALSE;3;FALSE;FALSE;13
1,18193E+18;292;TRUE;TRUE;FALSE;No comments.;atara03200140;2;FALSE;3;FALSE;FALSE;13
1,11434E+18;293;TRUE;TRUE;FALSE;No comments.;murphy_marita;2;FALSE;3;TRUE;FALSE;13
1,21164E+18;294;TRUE;TRUE;FALSE;No comments.;trump_westwind;2;FALSE;3;FALSE;FALSE;13
1,1632E+18;295;TRUE;TRUE;TRUE;No comments.;yochanancenter;3;FALSE;3;FALSE;FALSE;13
1,08826E+18;296;TRUE;TRUE;FALSE;No comments.;americanshomer;2;FALSE;3;TRUE;FALSE;13
1,21151E+18;297;TRUE;TRUE;FALSE;No comments.;wealthissimple;2;FALSE;3;FALSE;FALSE;13
1,13113E+18;298;TRUE;TRUE;FALSE;No comments.;ohlmanvickie;2;FALSE;3;FALSE;FALSE;13
1,0944E+18;299;TRUE;TRUE;FALSE;No comments.;LuanaMacLac;2;FALSE;3;FALSE;FALSE;13
1,19661E+18;300;TRUE;TRUE;FALSE;No comments.;lanik66;2;FALSE;1;FALSE;FALSE;13
1,12793E+18;301;TRUE;TRUE;FALSE;No comments.;DFANewHaven;3;FALSE;3;FALSE;FALSE;13
1,16415E+18;302;TRUE;TRUE;FALSE;No comments.;Mama_O_G;2;FALSE;3;FALSE;FALSE;13
1,09859E+18;303;TRUE;TRUE;FALSE;No comments.;dcroth;2;FALSE;2;FALSE;FALSE;13
1,11598E+18;304;FALSE;TRUE;FALSE;No comments.;BlkrageGalenw;3;FALSE;3;FALSE;FALSE;13
1,0853E+18;305;TRUE;TRUE;FALSE;No comments.;leonardsilverb1;2;FALSE;3;FALSE;FALSE;13
1,21133E+18;306;TRUE;TRUE;FALSE;No comments.;winston_kirk;4;FALSE;3;FALSE;FALSE;0
1,16428E+18;307;TRUE;TRUE;FALSE;No comments.;marinar9801;2;TRUE;3;FALSE;FALSE;13
1,19761E+18;308;TRUE;TRUE;FALSE;No comments.;Ron4California;2;FALSE;3;TRUE;FALSE;13
1,13211E+18;309;FALSE;TRUE;FALSE;No comments.;PaulRevere2_;3;FALSE;3;FALSE;FALSE;13
1,08527E+18;310;TRUE;TRUE;FALSE;No comments.;SussexFriends;2;FALSE;3;FALSE;FALSE;13
1,11919E+18;311;FALSE;TRUE;FALSE;No comments.;morteza9_28;3;FALSE;3;FALSE;FALSE;13
1,20422E+18;312;TRUE;TRUE;FALSE;No comments.;Lopper11;2;FALSE;3;FALSE;FALSE;13
1,1198E+18;313;FALSE;TRUE;FALSE;No comments.;AqueshaMadison;3;FALSE;3;FALSE;FALSE;13
1,16234E+18;314;TRUE;TRUE;FALSE;No comments.;Notwaiting1;2;FALSE;3;FALSE;FALSE;13
1,10546E+18;315;TRUE;TRUE;FALSE;No comments.;Mandabald;2;FALSE;3;FALSE;FALSE;13
1,18617E+18;316;TRUE;TRUE;FALSE;No comments.;Qwerty58559205;2;FALSE;3;FALSE;FALSE;13
1,16134E+18;317;TRUE;TRUE;FALSE;No comments.;haaretzcom;2;FALSE;3;FALSE;FALSE;13
1,20822E+18;318;TRUE;TRUE;FALSE;No comments.;HockeydaarHu;3;FALSE;3;FALSE;FALSE;13
1,20436E+18;319;TRUE;TRUE;FALSE;No comments.;80_mcswan;2;FALSE;3;TRUE;FALSE;13
1,10549E+18;320;FALSE;TRUE;FALSE;No comments.;2the_hill;3;FALSE;3;FALSE;FALSE;13
1,15084E+18;321;TRUE;TRUE;FALSE;No comments.;FrancisWegner;2;FALSE;3;FALSE;FALSE;13
1,12334E+18;322;TRUE;TRUE;FALSE;No comments.;JeffHaspel;3;FALSE;3;FALSE;FALSE;13
1,08064E+18;323;FALSE;TRUE;FALSE;No comments.;stevwgn7;3;FALSE;3;FALSE;FALSE;13
1,15888E+18;324;FALSE;TRUE;FALSE;No comments.;iv_stephane;3;FALSE;3;FALSE;FALSE;13
1,11763E+18;325;TRUE;TRUE;FALSE;No comments.;animasgirl;2;FALSE;3;FALSE;FALSE;13
1,09903E+18;326;TRUE;TRUE;FALSE;No comments.;EgryAni;2;FALSE;3;TRUE;FALSE;13
1,08815E+18;327;FALSE;TRUE;FALSE;No comments.;dbzyb;3;FALSE;3;FALSE;FALSE;13
1,20626E+18;328;TRUE;TRUE;FALSE;No comments.;DoraKoukl;2;FALSE;3;FALSE;FALSE;13
1,13227E+18;329;TRUE;TRUE;FALSE;No comments.;rosettalind55;2;FALSE;3;FALSE;FALSE;13
1,16395E+18;330;TRUE;TRUE;FALSE;No comments.;hewhohathears;2;FALSE;3;FALSE;FALSE;13
1,2113E+18;331;TRUE;TRUE;FALSE;No comments.;StacyMichelleB;2;FALSE;3;TRUE;FALSE;13
1,10591E+18;332;TRUE;TRUE;FALSE;No comments.;formerbondgirl;2;FALSE;3;FALSE;FALSE;13
1,123E+18;333;TRUE;TRUE;FALSE;No comments.;ParisW2010;2;FALSE;3;FALSE;FALSE;13
1,10181E+18;334;TRUE;TRUE;FALSE;No comments.;PhotoshopTruth;2;FALSE;3;FALSE;FALSE;13
1,10971E+18;335;TRUE;TRUE;FALSE;No comments.;KathySamira;2;FALSE;3;FALSE;FALSE;13
1,14508E+18;336;TRUE;TRUE;FALSE;No comments.;helitzur;2;FALSE;3;FALSE;FALSE;13
1,20507E+18;337;TRUE;TRUE;FALSE;No comments.;BenedictMPWhite;2;FALSE;3;TRUE;FALSE;13
1,15081E+18;338;TRUE;TRUE;FALSE;No comments.;oldhandhyd;2;FALSE;3;FALSE;FALSE;13
1,16362E+18;339;TRUE;TRUE;FALSE;No comments.;farah_fsn6;2;FALSE;3;TRUE;FALSE;13
1,21134E+18;340;TRUE;TRUE;FALSE;No comments.;genehunting1;2;FALSE;3;FALSE;FALSE;13
1,10678E+18;341;TRUE;TRUE;FALSE;No comments.;daeley1967;2;FALSE;3;FALSE;FALSE;13
1,20037E+18;342;FALSE;TRUE;FALSE;No comments.;SukainaHirji;3;FALSE;3;FALSE;FALSE;13
1,20503E+18;343;TRUE;TRUE;FALSE;No comments.;tighdave;2;FALSE;3;FALSE;TRUE;13
1,20492E+18;344;TRUE;TRUE;FALSE;No comments.;maryvhornig;2;FALSE;3;FALSE;FALSE;13
1,16094E+18;345;TRUE;TRUE;FALSE;No comments.;ElleHart2Hart;2;FALSE;3;FALSE;FALSE;13
1,15862E+18;346;TRUE;TRUE;TRUE;No comments.;dilop10;2;FALSE;3;FALSE;FALSE;13
1,14946E+18;347;TRUE;TRUE;FALSE;No comments.;Contented2851;2;FALSE;3;FALSE;FALSE;13
1,12792E+18;348;TRUE;TRUE;FALSE;No comments.;JesseeVicars;2;FALSE;3;FALSE;FALSE;13
1,18633E+18;349;TRUE;TRUE;FALSE;No comments.;PrinceNorodom;2;FALSE;3;FALSE;FALSE;13
1,10735E+18;350;TRUE;TRUE;FALSE;No comments.;clg113;2;FALSE;5;FALSE;FALSE;13
1,16397E+18;351;FALSE;TRUE;FALSE;No comments.;LindaHagge;3;FALSE;3;FALSE;FALSE;13
1,14131E+18;352;TRUE;TRUE;FALSE;No comments.;JoeKidd1992;2;FALSE;3;FALSE;TRUE;13
1,19997E+18;353;TRUE;TRUE;FALSE;No comments.;tp2dcore;2;FALSE;4;FALSE;FALSE;13
1,09515E+18;354;TRUE;TRUE;FALSE;No comments.;VKhaykin;2;FALSE;3;FALSE;FALSE;13
1,15444E+18;355;TRUE;TRUE;FALSE;No comments.;TerranEmpire;2;FALSE;3;FALSE;FALSE;13
1,09552E+18;356;TRUE;TRUE;FALSE;No comments.;GOPBluePrint;2;FALSE;3;FALSE;FALSE;13
1,21169E+18;357;TRUE;TRUE;FALSE;No comments.;uncleporkie;2;FALSE;3;FALSE;FALSE;13
1,16425E+18;358;TRUE;TRUE;FALSE;No comments.;BeitAleph;2;FALSE;3;FALSE;FALSE;13
1,1047E+18;359;FALSE;TRUE;FALSE;No comments.;IanF9;3;FALSE;3;FALSE;FALSE;13
1,1158E+18;360;TRUE;TRUE;FALSE;No comments.;sue_spinks;2;FALSE;3;FALSE;FALSE;13
1,19245E+18;361;FALSE;TRUE;FALSE;No comments.;charfogg38;3;FALSE;3;FALSE;FALSE;13
1,11565E+18;362;TRUE;TRUE;FALSE;No comments.;Lark2rule;2;FALSE;3;FALSE;FALSE;13
1,20948E+18;363;TRUE;TRUE;FALSE;No comments.;LanaRayaAurora;2;FALSE;3;FALSE;FALSE;13
1,19442E+18;364;TRUE;TRUE;FALSE;No comments.;victorykn;2;FALSE;2;FALSE;FALSE;13
1,21135E+18;365;FALSE;TRUE;FALSE;No comments.;KathyGaul;3;FALSE;3;FALSE;FALSE;13
1,15147E+18;366;TRUE;TRUE;FALSE;No comments.;fatfei_;2;FALSE;3;FALSE;FALSE;13
1,17337E+18;367;TRUE;TRUE;FALSE;No comments.;freegalt;2;FALSE;3;FALSE;FALSE;13
1,18021E+18;368;TRUE;TRUE;FALSE;No comments.;IvanTheTerabyte;2;FALSE;3;FALSE;FALSE;13
1,09528E+18;369;TRUE;TRUE;FALSE;No comments.;alimo2301;2;FALSE;3;FALSE;FALSE;13
1,20493E+18;370;FALSE;TRUE;FALSE;No comments.;bassatnite;3;FALSE;3;FALSE;FALSE;13
1,15809E+18;371;TRUE;TRUE;FALSE;No comments.;nan_nan_an;2;FALSE;3;TRUE;FALSE;13
1,09366E+18;372;TRUE;TRUE;FALSE;No comments.;WillSolo5;2;FALSE;3;FALSE;FALSE;13
1,11102E+18;373;TRUE;TRUE;FALSE;No comments.;LeeCapobianco1;2;FALSE;3;FALSE;FALSE;13
1,12834E+18;374;TRUE;TRUE;FALSE;No comments.;SussexFriends;2;FALSE;3;TRUE;FALSE;13
1,13429E+18;375;FALSE;TRUE;FALSE;No comments.;SadoMisogynyst;3;FALSE;3;FALSE;FALSE;13
1,20132E+18;376;TRUE;TRUE;FALSE;No comments.;FrantizekPaul;2;FALSE;3;FALSE;FALSE;13
1,11561E+18;377;TRUE;TRUE;FALSE;No comments.;SharonIsrael5;2;FALSE;3;TRUE;FALSE;13
1,14117E+18;378;TRUE;TRUE;FALSE;No comments.;yoakumgirl923;2;FALSE;3;FALSE;TRUE;13
1,12704E+18;379;FALSE;TRUE;FALSE;No comments.;bridgetkolf;3;FALSE;3;FALSE;FALSE;13
1,10383E+18;380;TRUE;TRUE;TRUE;No comments.;andytexas123;2;FALSE;3;FALSE;FALSE;13
1,19176E+18;381;TRUE;TRUE;FALSE;No comments.;tfcocs;2;FALSE;3;FALSE;TRUE;13
1,15135E+18;382;TRUE;TRUE;FALSE;No comments.;Jackiew80333500;2;FALSE;3;FALSE;FALSE;13
1,20538E+18;383;TRUE;TRUE;FALSE;No comments.;Ungramon;2;FALSE;3;TRUE;FALSE;13
1,1052E+18;384;FALSE;TRUE;FALSE;No comments.;j_schmuts;3;FALSE;3;FALSE;FALSE;13
1,19576E+18;385;TRUE;TRUE;FALSE;No comments.;BenRogoff;2;FALSE;3;FALSE;FALSE;13
1,13929E+18;386;TRUE;TRUE;FALSE;No comments.;homme_ginger;2;FALSE;3;FALSE;FALSE;13
1,19791E+18;387;TRUE;TRUE;FALSE;No comments.;DianeLindsay17;2;FALSE;3;FALSE;FALSE;13
1,17843E+18;388;FALSE;TRUE;FALSE;No comments.;nokidding3;3;FALSE;3;FALSE;FALSE;13
1,13167E+18;389;TRUE;TRUE;FALSE;No comments.;DY1837;2;FALSE;3;FALSE;FALSE;13
1,1509E+18;390;TRUE;TRUE;FALSE;No comments.;MikeJorgensen5;2;FALSE;3;FALSE;FALSE;13
1,14429E+18;391;TRUE;TRUE;FALSE;No comments.;leemcnic;2;FALSE;3;FALSE;FALSE;13
1,20397E+18;392;TRUE;TRUE;FALSE;No comments.;76_al;2;FALSE;3;FALSE;FALSE;13
1,21143E+18;393;TRUE;TRUE;FALSE;No comments.;JoLissa13;2;FALSE;3;FALSE;FALSE;13
1,16322E+18;394;TRUE;TRUE;FALSE;No comments.;SustainergyA;2;FALSE;3;FALSE;FALSE;13
1,11087E+18;395;TRUE;TRUE;FALSE;No comments.;eddycantor;2;FALSE;3;TRUE;FALSE;13
1,20675E+18;396;TRUE;TRUE;FALSE;No comments.;ReinceNiebuhr;2;FALSE;3;FALSE;FALSE;13
1,12247E+18;397;TRUE;TRUE;FALSE;No comments.;AjeHeadToHead;2;FALSE;3;FALSE;FALSE;13
1,10741E+18;398;TRUE;TRUE;FALSE;No comments.;Catheri85566897;2;FALSE;4;FALSE;FALSE;13
1,17089E+18;399;TRUE;TRUE;FALSE;No comments.;IGalalien;4;FALSE;3;FALSE;FALSE;3
1,19754E+18;400;TRUE;TRUE;FALSE;No comments.;Margare88717991;2;FALSE;4;FALSE;FALSE;13
1,12139E+18;401;TRUE;TRUE;FALSE;No comments.;Mikeoz17;2;FALSE;3;FALSE;FALSE;13
1,17408E+18;402;TRUE;TRUE;FALSE;No comments.;ko19700;2;TRUE;3;FALSE;FALSE;13
1,12985E+18;403;TRUE;TRUE;FALSE;No comments.;desapabullada;2;FALSE;5;FALSE;FALSE;13
1,11363E+18;404;TRUE;TRUE;FALSE;No comments.;InAbsentia9;2;FALSE;3;FALSE;FALSE;13
1,10455E+18;405;TRUE;TRUE;TRUE;No comments.;scriptsmaster;2;FALSE;3;FALSE;FALSE;13
1,18335E+18;406;TRUE;TRUE;FALSE;No comments.;RUDRA1514;2;FALSE;3;FALSE;FALSE;13
1,15214E+18;407;TRUE;TRUE;FALSE;No comments.;qisindr;2;TRUE;3;FALSE;FALSE;13
1,15189E+18;408;TRUE;TRUE;FALSE;No comments.;AngryBlackLady;2;FALSE;3;FALSE;FALSE;13
1,11498E+18;409;FALSE;TRUE;FALSE;No comments.;ShayKhatiri;3;FALSE;3;FALSE;FALSE;13
1,14548E+18;410;TRUE;TRUE;FALSE;No comments.;dxppxr_dxn;2;FALSE;3;FALSE;FALSE;13
1,11573E+18;411;TRUE;TRUE;FALSE;No comments.;JBForTrump;2;FALSE;3;FALSE;FALSE;13
1,19318E+18;412;TRUE;TRUE;FALSE;No comments.;LilDivaz1;2;FALSE;3;FALSE;TRUE;13
1,19078E+18;413;TRUE;TRUE;FALSE;No comments.;alyssawaking;2;FALSE;3;FALSE;FALSE;13
1,1874E+18;414;TRUE;TRUE;FALSE;No comments.;AvrahamGoodman;2;FALSE;3;TRUE;FALSE;13
1,19183E+18;415;TRUE;TRUE;FALSE;No comments.;AviAbelow;2;FALSE;3;TRUE;FALSE;13
1,11711E+18;416;TRUE;TRUE;FALSE;No comments.;NotThatReba;2;FALSE;3;FALSE;FALSE;13
1,09954E+18;417;TRUE;TRUE;FALSE;No comments.;LarsFermi;2;FALSE;3;FALSE;FALSE;13
1,15608E+18;418;FALSE;TRUE;FALSE;No comments.;bigpolitics3;3;FALSE;3;FALSE;FALSE;13
1,18848E+18;419;TRUE;TRUE;FALSE;No comments.;Delbert58885396;2;FALSE;3;FALSE;TRUE;13
1,11648E+18;420;TRUE;TRUE;FALSE;No comments.;torquewater;2;FALSE;3;FALSE;FALSE;13
1,09235E+18;421;TRUE;TRUE;FALSE;No comments.;MikeRossP;2;FALSE;3;TRUE;FALSE;13
1,11066E+18;422;TRUE;TRUE;FALSE;No comments.;GuptaBhaavan;2;FALSE;3;FALSE;FALSE;13
1,2049E+18;423;FALSE;TRUE;FALSE;No comments.;cklein60259181;3;FALSE;3;FALSE;FALSE;13
1,12724E+18;424;TRUE;TRUE;FALSE;No comments.;BenVanRossum1;4;FALSE;3;FALSE;FALSE;5
1,2035E+18;425;TRUE;TRUE;FALSE;No comments.;tcwittes;2;FALSE;3;TRUE;FALSE;13
1,17218E+18;426;TRUE;TRUE;FALSE;No comments.;Lily_Warrior;2;FALSE;3;FALSE;FALSE;13
1,10377E+18;427;FALSE;TRUE;FALSE;No comments.;tatertotiana;3;FALSE;3;FALSE;FALSE;13
1,16216E+18;428;TRUE;TRUE;FALSE;No comments.;moderatemama;2;FALSE;3;TRUE;FALSE;13
1,19737E+18;429;TRUE;TRUE;TRUE;No comments.;Dassom15;2;FALSE;3;FALSE;FALSE;13
1,19688E+18;430;TRUE;TRUE;FALSE;No comments.;IsraeliZara;2;FALSE;3;TRUE;FALSE;13
1,12062E+18;431;FALSE;TRUE;FALSE;No comments.;hudaidy;3;FALSE;3;FALSE;FALSE;13
1,19108E+18;432;TRUE;TRUE;FALSE;No comments.;1when;4;FALSE;3;FALSE;FALSE;0
1,15097E+18;433;TRUE;TRUE;FALSE;No comments.;intifada;2;TRUE;1;FALSE;FALSE;13
1,15876E+18;434;TRUE;TRUE;FALSE;No comments.;terilg;2;FALSE;3;FALSE;FALSE;13
1,08952E+18;435;FALSE;TRUE;FALSE;No comments.;Filly_Stein;3;FALSE;3;FALSE;FALSE;13
1,11655E+18;436;TRUE;TRUE;FALSE;No comments.;philocalye;2;FALSE;3;FALSE;FALSE;13
1,12445E+18;437;FALSE;TRUE;FALSE;No comments.;holocaustonline;3;FALSE;3;FALSE;FALSE;13
1,18152E+18;438;TRUE;TRUE;FALSE;No comments.;gadiadelman;2;FALSE;3;FALSE;FALSE;13
1,11997E+18;439;TRUE;TRUE;FALSE;No comments.;secretstranger9;2;FALSE;3;FALSE;FALSE;13
1,16578E+18;440;TRUE;TRUE;FALSE;No comments.;JamesFBuckley2;2;FALSE;3;FALSE;FALSE;13
1,09928E+18;441;FALSE;TRUE;FALSE;No comments.;IsaPremaSathya;3;FALSE;3;FALSE;FALSE;13
1,2046E+18;442;FALSE;TRUE;FALSE;No comments.;BenStancliff;3;FALSE;3;FALSE;FALSE;13
1,18319E+18;443;TRUE;TRUE;FALSE;No comments.;CGordon42534727;2;FALSE;3;FALSE;FALSE;13
1,08416E+18;444;TRUE;TRUE;TRUE;No comments.;LostEchelon;2;FALSE;3;FALSE;FALSE;13
1,13497E+18;445;TRUE;TRUE;FALSE;No comments.;DanielK23942212;2;FALSE;3;FALSE;FALSE;13
1,16401E+18;446;TRUE;TRUE;FALSE;No comments.;DobieWanKenobi;2;FALSE;3;FALSE;FALSE;13
1,19994E+18;447;TRUE;TRUE;FALSE;No comments.;Galadima_Samaru;2;FALSE;3;FALSE;FALSE;13
1,15799E+18;448;TRUE;TRUE;FALSE;No comments.;JCSlicen_Bot;2;FALSE;3;FALSE;FALSE;13
1,20933E+18;449;FALSE;TRUE;FALSE;No comments.;lalapalozza;3;FALSE;3;FALSE;FALSE;13
1,20954E+18;450;TRUE;TRUE;TRUE;No comments.;Theo137;2;FALSE;3;FALSE;FALSE;13
1,12688E+18;451;TRUE;TRUE;FALSE;No comments.;GreekVikingX;2;FALSE;3;TRUE;TRUE;13
1,09385E+18;452;FALSE;TRUE;FALSE;No comments.;alc729;3;FALSE;3;FALSE;FALSE;13
1,16458E+18;453;TRUE;TRUE;FALSE;No comments.;dmfeil60;2;FALSE;3;TRUE;FALSE;13
1,19973E+18;454;TRUE;TRUE;FALSE;No comments.;ADELSARNOFF;2;FALSE;3;TRUE;FALSE;13
1,14968E+18;455;FALSE;TRUE;FALSE;No comments.;nestel34;3;FALSE;3;FALSE;FALSE;13
1,19403E+18;456;TRUE;TRUE;FALSE;No comments.;MessengerGoffy;2;FALSE;3;FALSE;FALSE;13
1,19165E+18;457;TRUE;TRUE;FALSE;No comments.;soundingsilence;2;FALSE;3;TRUE;FALSE;13
1,2021E+18;458;TRUE;TRUE;FALSE;No comments.;Realdealduck;2;FALSE;3;FALSE;FALSE;13
1,11057E+18;459;TRUE;TRUE;FALSE;No comments.;DrKlep;2;FALSE;3;TRUE;FALSE;13
1,11608E+18;460;TRUE;TRUE;FALSE;No comments.;florishes;3;FALSE;3;FALSE;FALSE;13
1,09794E+18;461;FALSE;TRUE;FALSE;No comments.;ElgordoII;3;FALSE;3;FALSE;FALSE;13
1,18556E+18;462;TRUE;TRUE;FALSE;No comments.;vitamin_d47;2;FALSE;3;FALSE;FALSE;13
1,16037E+18;463;TRUE;TRUE;FALSE;No comments.;Esther96225202;2;FALSE;3;TRUE;FALSE;13
1,18698E+18;464;TRUE;TRUE;FALSE;No comments.;garlickd13;2;FALSE;3;FALSE;TRUE;13
1,08421E+18;465;FALSE;TRUE;FALSE;No comments.;nobs7401;3;FALSE;3;FALSE;FALSE;13
1,16997E+18;466;TRUE;TRUE;FALSE;No comments.;bragborn;2;FALSE;3;FALSE;FALSE;13
1,20336E+18;467;TRUE;TRUE;FALSE;No comments.;ArmedTek;2;FALSE;3;FALSE;FALSE;13
1,14896E+18;468;FALSE;TRUE;FALSE;No comments.;tag_tracey;3;FALSE;3;FALSE;FALSE;13
1,11786E+18;469;TRUE;TRUE;FALSE;No comments.;mrDanBernal;2;FALSE;3;TRUE;FALSE;13
1,105E+18;470;TRUE;TRUE;FALSE;No comments.;AGodRizzy;2;FALSE;3;FALSE;FALSE;13
1,18425E+18;471;TRUE;TRUE;FALSE;No comments.;karenr01932165;2;FALSE;3;FALSE;FALSE;13
1,16394E+18;472;FALSE;TRUE;FALSE;No comments.;omojaay20;3;FALSE;3;FALSE;FALSE;13
1,20477E+18;473;FALSE;TRUE;FALSE;No comments.;tomhashemi;3;FALSE;3;FALSE;FALSE;13
1,2041E+18;474;TRUE;TRUE;FALSE;No comments.;SandalsAnew;2;FALSE;3;FALSE;FALSE;13
1,10258E+18;475;TRUE;TRUE;FALSE;No comments.;DuchessRutabaga;2;FALSE;1;FALSE;FALSE;13
1,12897E+18;476;TRUE;TRUE;FALSE;No comments.;NoelCalista;2;FALSE;3;FALSE;TRUE;13
1,1492E+18;477;TRUE;TRUE;FALSE;No comments.;Rabberoonies;2;FALSE;3;FALSE;FALSE;13
1,16398E+18;478;TRUE;TRUE;FALSE;No comments.;RoyWorley1;2;FALSE;3;FALSE;FALSE;13
1,13311E+18;479;TRUE;TRUE;FALSE;No comments.;Pepamint83;2;FALSE;3;FALSE;FALSE;13
1,09597E+18;480;TRUE;TRUE;FALSE;No comments.;GooXuseen;2;FALSE;3;FALSE;FALSE;13
1,08063E+18;481;TRUE;TRUE;FALSE;No comments.;kikiLeeMartin;2;FALSE;3;TRUE;FALSE;13
1,12831E+18;482;TRUE;TRUE;FALSE;No comments.;b1e56df9ce6549f;2;FALSE;3;FALSE;TRUE;13
1,16095E+18;483;TRUE;TRUE;FALSE;No comments.;CollieMcLovin;2;FALSE;3;FALSE;FALSE;13
1,19476E+18;484;TRUE;TRUE;FALSE;No comments.;sefardsogood;2;FALSE;3;FALSE;FALSE;13
1,11737E+18;485;TRUE;TRUE;FALSE;No comments.;JanieEL;2;FALSE;3;FALSE;FALSE;13
1,11793E+18;486;TRUE;TRUE;FALSE;No comments.;III_Frogs;2;FALSE;3;FALSE;FALSE;13
1,10918E+18;487;TRUE;TRUE;FALSE;No comments.;Janetlawlor2;2;FALSE;3;FALSE;FALSE;13
1,17402E+18;488;TRUE;TRUE;FALSE;No comments.;BhatVirender;2;TRUE;3;FALSE;FALSE;13
1,1224E+18;489;TRUE;TRUE;FALSE;No comments.;csledge89;2;FALSE;3;TRUE;FALSE;13
1,19641E+18;490;TRUE;TRUE;FALSE;No comments.;deb_politics;2;FALSE;3;FALSE;FALSE;13
1,09941E+18;491;TRUE;TRUE;FALSE;No comments.;WoodheadAndy;2;FALSE;2;FALSE;FALSE;13
1,12776E+18;492;TRUE;TRUE;FALSE;No comments.;marshal82998056;4;FALSE;3;FALSE;FALSE;0
1,20455E+18;493;FALSE;TRUE;FALSE;No comments.;lynxxiv;3;FALSE;3;FALSE;FALSE;13
1,09612E+18;494;TRUE;TRUE;FALSE;No comments.;nysuperdad;2;FALSE;3;TRUE;FALSE;13
1,19739E+18;495;TRUE;TRUE;FALSE;No comments.;stacieco13;2;FALSE;3;TRUE;FALSE;13
1,12402E+18;496;TRUE;TRUE;FALSE;No comments.;DambrowskiTerry;2;FALSE;3;FALSE;FALSE;13
1,16025E+18;497;TRUE;TRUE;FALSE;No comments.;tom_santis;2;FALSE;3;TRUE;FALSE;13
1,12183E+18;498;FALSE;TRUE;FALSE;No comments.;swapnil85439927;3;FALSE;3;FALSE;FALSE;13
1,09654E+18;499;TRUE;TRUE;FALSE;No comments.;andie910;2;FALSE;3;FALSE;FALSE;13
1,10699E+18;500;TRUE;TRUE;FALSE;No comments.;TapashishC;2;FALSE;3;FALSE;FALSE;13
