ID,Sample ID,Still Exists,In English,Sarcasm,Additional Comments,User,Antisemitism Rating,Disagree With,Sentiment Rating,Calling Out,Is About the Holocaust,IHRA Section
1.22674E+18,1,TRUE,TRUE,FALSE,No comments.,GaGaforIsrael,1,FALSE,3,TRUE,FALSE,13
1.24763E+18,2,TRUE,TRUE,FALSE,No comments.,bjgunts,1,TRUE,3,FALSE,FALSE,13
1.21817E+18,3,TRUE,TRUE,FALSE,implicit: Jews are a priviliged victim group,ShabirNusrat,2,FALSE,3,FALSE,FALSE,13
1.25332E+18,4,TRUE,TRUE,FALSE,No comments.,thisismamen,1,FALSE,3,FALSE,TRUE,13
1.23235E+18,5,TRUE,TRUE,FALSE,No comments.,Xzamilloh,1,FALSE,2,FALSE,FALSE,13
1.24327E+18,6,TRUE,TRUE,FALSE,No comments.,tcudaman,1,FALSE,4,FALSE,FALSE,13
1.21911E+18,7,TRUE,TRUE,FALSE,No comments.,KitsuneCosplays,1,FALSE,3,FALSE,FALSE,13
1.23242E+18,8,TRUE,TRUE,FALSE,No comments.,ckelly12352,1,FALSE,3,TRUE,FALSE,13
1.22421E+18,9,TRUE,TRUE,FALSE,No comments.,AlliAbra,1,FALSE,4,TRUE,FALSE,13
1.25183E+18,10,TRUE,TRUE,FALSE,No comments.,ChattyMattE,1,FALSE,3,FALSE,TRUE,13
1.22189E+18,11,TRUE,TRUE,FALSE,No comments.,Farimah,1,FALSE,3,FALSE,TRUE,13
1.21454E+18,12,FALSE,TRUE,FALSE,No comments.,LikeFineWine63,3,FALSE,3,FALSE,FALSE,13
1.25547E+18,13,TRUE,TRUE,FALSE,No comments.,nojoe21,1,FALSE,3,TRUE,FALSE,13
1.22809E+18,14,FALSE,TRUE,FALSE,No comments.,JetstreamSnake,3,FALSE,3,FALSE,FALSE,13
1.23493E+18,15,TRUE,TRUE,FALSE,No comments.,guypbenson,1,FALSE,3,FALSE,FALSE,13
1.24272E+18,16,TRUE,TRUE,FALSE,No comments.,Of_the_People7,1,FALSE,3,FALSE,TRUE,13
1.22695E+18,17,TRUE,TRUE,FALSE,No comments.,stevedonsky,1,FALSE,3,FALSE,TRUE,13
1.21547E+18,18,TRUE,TRUE,FALSE,No comments.,johnrcoats,1,FALSE,3,FALSE,TRUE,13
1.23573E+18,19,TRUE,TRUE,FALSE,No comments.,NYJewishWeek,1,FALSE,3,FALSE,FALSE,13
1.24451E+18,20,TRUE,TRUE,FALSE,No comments.,IsaacMassias,1,FALSE,5,FALSE,FALSE,13
1.2368E+18,21,TRUE,TRUE,FALSE,No comments.,Saukel,1,FALSE,3,FALSE,FALSE,13
1.22617E+18,22,TRUE,TRUE,FALSE,No comments.,Pikeitberk,1,FALSE,3,TRUE,FALSE,13
1.2275E+18,23,TRUE,TRUE,FALSE,No comments.,CADCI,1,FALSE,3,FALSE,TRUE,13
1.21722E+18,24,TRUE,TRUE,FALSE,No comments.,Lindat2020T,1,FALSE,3,FALSE,TRUE,13
1.2223E+18,25,TRUE,TRUE,FALSE,No comments.,moonbandito,1,FALSE,3,FALSE,FALSE,13
1.23939E+18,26,TRUE,TRUE,FALSE,No comments.,JustSayXtian,1,FALSE,4,FALSE,FALSE,13
1.25555E+18,27,TRUE,TRUE,FALSE,No comments.,jjraegirl,1,FALSE,3,TRUE,FALSE,13
1.23554E+18,28,TRUE,TRUE,FALSE,3.1.7 Denying the Jewish people their right to self-determination,bano_sanjeeda,4,FALSE,2,FALSE,TRUE,7
1.23604E+18,29,TRUE,TRUE,FALSE,No comments.,thatqueerbird,1,FALSE,3,TRUE,FALSE,13
1.22334E+18,30,TRUE,TRUE,FALSE,the user has posted many antisemitic tweets. This tweet can be read as a threat in response to @lander,Sean41003921,2,FALSE,3,FALSE,FALSE,13
1.23479E+18,31,TRUE,TRUE,FALSE,No comments.,Prabhat44142876,1,FALSE,3,TRUE,TRUE,13
1.23217E+18,32,TRUE,TRUE,FALSE,No comments.,luzell29481399,1,FALSE,3,TRUE,FALSE,13
1.21969E+18,33,TRUE,TRUE,FALSE,3.1.4 (Holocaust denial) and/or 3.1.2 (extremely cruel),WavyAVibes,5,FALSE,1,FALSE,TRUE,4
1.22222E+18,34,TRUE,TRUE,FALSE,No comments.,twifan_nana,1,FALSE,3,TRUE,TRUE,13
1.22647E+18,35,FALSE,TRUE,FALSE,No comments.,sktripathi18,3,FALSE,3,FALSE,FALSE,13
1.25567E+18,36,TRUE,TRUE,FALSE,@YourFriendZippy's tweet is 3.1.10 but this user does not necessarily endorse this,McSporranberg,2,FALSE,2,FALSE,FALSE,13
1.22222E+18,37,TRUE,TRUE,FALSE,No comments.,Violet_Flower13,1,FALSE,5,FALSE,FALSE,13
1.25513E+18,38,TRUE,TRUE,FALSE,anti-Muslim,MalcolmFord10,1,FALSE,3,FALSE,FALSE,13
1.24154E+18,39,FALSE,TRUE,FALSE,No comments.,S_NAMUDURI,3,FALSE,3,FALSE,FALSE,13
1.25196E+18,40,TRUE,TRUE,FALSE,No comments.,sbg_twt,1,FALSE,3,TRUE,FALSE,13
1.21328E+18,41,TRUE,TRUE,TRUE,No comments.,FaineBlackadder,1,FALSE,3,FALSE,TRUE,13
1.22423E+18,42,TRUE,TRUE,FALSE,No comments.,PoliticsBloke,1,FALSE,3,TRUE,FALSE,13
1.25224E+18,43,TRUE,TRUE,FALSE,"3.1.1 Calling for, aiding, or justifying the killing or harming of Jews in the name of a radical ideology or an extremist view of religion.",VexIsUgly,5,FALSE,1,FALSE,FALSE,1
1.21747E+18,44,TRUE,TRUE,TRUE,No comments.,ADadJoke,1,FALSE,4,FALSE,FALSE,13
1.23569E+18,45,TRUE,TRUE,FALSE,No comments.,Tee_Ess1612,1,FALSE,3,TRUE,FALSE,13
1.22521E+18,46,TRUE,TRUE,FALSE,No comments.,kfs78,1,FALSE,4,FALSE,FALSE,13
1.23176E+18,47,TRUE,TRUE,FALSE,No comments.,davidcoppin,1,FALSE,3,TRUE,TRUE,13
1.25538E+18,48,TRUE,TRUE,FALSE,No comments.,nemonullius17,1,FALSE,3,TRUE,FALSE,13
1.23304E+18,49,TRUE,TRUE,FALSE,"3.1.2 Making mendacious, dehumanizing, demonizing, or stereotypical allegations about Jews as such or the power of Jews as collective â€” such as, especially but not exclusively, the myth about a world",SpruceYelverton,5,FALSE,2,FALSE,FALSE,2
1.21283E+18,50,TRUE,TRUE,FALSE,Jews are backwards + victim blaming but the tweet to which this replying doesn't exist anymore,Reasons4Thought,4,TRUE,3,FALSE,FALSE,2
1.25305E+18,51,TRUE,TRUE,FALSE,No comments.,ContentbyDavid,1,FALSE,5,FALSE,FALSE,13
1.21711E+18,52,TRUE,TRUE,FALSE,No comments.,J3st_3r,1,FALSE,4,FALSE,FALSE,13
1.22345E+18,53,TRUE,TRUE,FALSE,No comments.,azadessa,1,FALSE,3,FALSE,FALSE,13
1.21328E+18,54,TRUE,TRUE,FALSE,"3.1.4 Denying the fact, scope, mechanisms (e.g. gas chambers) or intentionality of the genocide of the Jewish people at the hands of National Socialist Germany and its supporters and accomplices durin",Macha_Ruad,2,TRUE,3,FALSE,FALSE,13
1.2162E+18,55,TRUE,TRUE,FALSE,"also 3.1.2 and 3.1.3 Accusing Jews as a people of being responsible for real or imagined wrongdoing committed by a single Jewish person or group, or even for acts committed by non-Jews",360CNN,5,FALSE,1,FALSE,FALSE,3
1.23475E+18,56,TRUE,TRUE,FALSE,open denial of antisemitism is a strong hint of antisemitism. A look at other tweets from this user confirms this,p0ppysimp,1,TRUE,3,FALSE,FALSE,13
1.25335E+18,57,TRUE,TRUE,FALSE,"3.1.4 Denying the fact, scope, mechanisms (e.g. gas chambers) or intentionality of the genocide of the Jewish people at the hands of National Socialist Germany and its supporters and accomplices durin",Pak_Mundaa,1,FALSE,3,TRUE,TRUE,13
1.21643E+18,58,TRUE,TRUE,FALSE,No comments.,Christo76267756,1,FALSE,3,TRUE,FALSE,13
1.22015E+18,59,TRUE,TRUE,FALSE,No comments.,e_michael1,1,FALSE,3,TRUE,TRUE,13
1.22195E+18,60,TRUE,TRUE,FALSE,No comments.,thehitman29,1,FALSE,3,FALSE,TRUE,13
1.22916E+18,61,TRUE,TRUE,FALSE,No comments.,RWPUSA,1,FALSE,3,FALSE,TRUE,13
1.21298E+18,62,TRUE,TRUE,FALSE,No comments.,AnIndia65751222,1,FALSE,3,FALSE,TRUE,13
1.25254E+18,63,TRUE,TRUE,FALSE,No comments.,sissyshein,1,FALSE,3,FALSE,TRUE,13
1.21803E+18,64,FALSE,TRUE,FALSE,No comments.,Cicero99,3,FALSE,3,FALSE,FALSE,13
1.22323E+18,65,TRUE,TRUE,FALSE,No comments.,TheAngrySemite,1,FALSE,3,FALSE,FALSE,13
1.24684E+18,66,TRUE,TRUE,FALSE,No comments.,kwkinnersley,1,FALSE,3,FALSE,FALSE,13
1.23682E+18,67,TRUE,TRUE,FALSE,No comments.,Violet_Nightt,1,FALSE,3,TRUE,FALSE,13
1.2256E+18,68,TRUE,TRUE,TRUE,No comments.,GoykhmanAlla,1,FALSE,3,TRUE,FALSE,13
1.24762E+18,69,TRUE,TRUE,FALSE,No comments.,dcombest,1,FALSE,2,FALSE,FALSE,13
1.22504E+18,70,TRUE,TRUE,FALSE,No comments.,MelissaFloBix,1,FALSE,3,FALSE,FALSE,13
1.21368E+18,71,TRUE,TRUE,TRUE,No comments.,PontiffGilly,1,FALSE,3,TRUE,FALSE,13
1.21378E+18,72,TRUE,TRUE,FALSE,No comments.,grizzly712,1,FALSE,3,TRUE,FALSE,13
1.21682E+18,73,TRUE,TRUE,FALSE,No comments.,LGWIZ326,1,FALSE,3,FALSE,FALSE,13
1.22077E+18,74,TRUE,TRUE,FALSE,No comments.,DrLBErdile,1,FALSE,3,TRUE,TRUE,13
1.21705E+18,75,TRUE,TRUE,FALSE,No comments.,haaretzcom,1,FALSE,3,TRUE,FALSE,13
1.24443E+18,76,FALSE,TRUE,FALSE,No comments.,McKayMSmith,3,FALSE,3,FALSE,FALSE,13
1.21409E+18,77,TRUE,TRUE,TRUE,"3.1.2 Making mendacious, dehumanizing, demonizing, or stereotypical allegations about Jews as such or the power of Jews as collective â€” such as, especially but not exclusively, the myth about a world",RagnarDaneskjo1,4,FALSE,2,FALSE,FALSE,2
1.21595E+18,78,TRUE,TRUE,FALSE,"3.1.2 Making mendacious, dehumanizing, demonizing, or stereotypical allegations about Jews as such or the power of Jews as collective â€” such as, especially but not exclusively, the myth about a world",LocNessMonsta,4,FALSE,1,FALSE,FALSE,2
1.21734E+18,79,TRUE,TRUE,FALSE,No comments.,D6plus,1,FALSE,3,TRUE,FALSE,13
1.24683E+18,80,TRUE,TRUE,FALSE,No comments.,EyeAlt,1,FALSE,3,TRUE,FALSE,13
1.24122E+18,81,TRUE,TRUE,FALSE,No comments.,halaljew,1,FALSE,2,FALSE,FALSE,13
1.21791E+18,82,TRUE,TRUE,FALSE,No comments.,MisaAzra,1,FALSE,3,TRUE,FALSE,13
1.22159E+18,83,FALSE,TRUE,FALSE,No comments.,Stacybquiet,3,FALSE,3,FALSE,FALSE,13
1.2122E+18,84,TRUE,TRUE,FALSE,No comments.,GoodnessMrcy,1,FALSE,3,TRUE,FALSE,13
1.23485E+18,85,TRUE,TRUE,FALSE,No comments.,EdwineD_41,1,FALSE,3,FALSE,TRUE,13
1.24852E+18,86,TRUE,TRUE,FALSE,No comments.,eccentricraj,2,FALSE,3,FALSE,FALSE,13
1.22288E+18,87,TRUE,TRUE,FALSE,No comments.,RCCG_PR,1,FALSE,3,FALSE,FALSE,13
1.25541E+18,88,TRUE,TRUE,FALSE,No comments.,David_Lugo_,1,FALSE,3,TRUE,FALSE,13
1.25555E+18,89,TRUE,TRUE,FALSE,No comments.,JakeResist,1,FALSE,4,FALSE,FALSE,13
1.23532E+18,90,TRUE,TRUE,FALSE,No comments.,cottonpony,1,FALSE,3,TRUE,FALSE,13
1.21499E+18,91,TRUE,TRUE,FALSE,"""American-Israeli regime"" implies a conspircay (3.1.2). Other posts by the user confirm this thinking",Nalo_Nei,5,FALSE,1,FALSE,FALSE,2
1.22131E+18,92,TRUE,TRUE,FALSE,"""foreign Jews"" 3.1.7. The users promotes other such anti-Zionist antisemitic posts. However, in this case the user just forwards a news item that discusses the controversy",JuliaWraith,2,FALSE,2,FALSE,FALSE,7
1.25233E+18,93,TRUE,TRUE,FALSE,No comments.,Yiddawg,1,FALSE,3,TRUE,FALSE,13
1.24969E+18,94,TRUE,TRUE,FALSE,No comments.,coffeespoonie,1,FALSE,3,TRUE,FALSE,13
1.21391E+18,95,FALSE,TRUE,FALSE,No comments.,marxismocritico,3,FALSE,3,FALSE,FALSE,13
1.24331E+18,96,TRUE,TRUE,TRUE,3.1.2 this is the user's pinned post. The video is about Jewish influence in Russia. The user has many other posts of antisemitic conspircay theory content,SavasWonderland,5,FALSE,2,FALSE,FALSE,2
1.2299E+18,97,TRUE,TRUE,FALSE,3.1.4 accuses Zionists of being responsible for the Holocaust. This user has also other antisemitic posts,glibcf,4,FALSE,2,FALSE,FALSE,4
1.22227E+18,98,TRUE,TRUE,FALSE,No comments.,peterjukes,1,FALSE,3,TRUE,FALSE,13
1.21799E+18,99,TRUE,TRUE,FALSE,"3.1.2 Endorses the antisemitic CT of ""Jews are trying to replace us.""",LouisCarrillo17,5,FALSE,1,FALSE,FALSE,2
1.21464E+18,100,TRUE,TRUE,FALSE,No comments.,trishc1,1,FALSE,3,FALSE,TRUE,13
1.25547E+18,101,TRUE,TRUE,FALSE,No comments.,SHARKSURVIVOR1,1,FALSE,3,TRUE,FALSE,13
1.21722E+18,102,TRUE,TRUE,FALSE,3.1.7 apartheid,newways0,5,FALSE,1,FALSE,FALSE,7
1.25551E+18,103,TRUE,TRUE,FALSE,No comments.,Paul97312096,1,FALSE,3,TRUE,FALSE,13
1.25481E+18,104,TRUE,TRUE,FALSE,No comments.,nataliewhomst,1,FALSE,3,TRUE,FALSE,13
1.25561E+18,105,TRUE,TRUE,FALSE,3.1.3 endorsing an antisemitic statement threatening Jews and blaming the Jews for behavior of some Jews,BS1csb,4,FALSE,3,FALSE,FALSE,3
1.24901E+18,106,TRUE,TRUE,FALSE,No comments.,MithSamoun,1,FALSE,3,FALSE,FALSE,13
1.21252E+18,107,TRUE,TRUE,FALSE,No comments.,JHilde9,1,FALSE,4,FALSE,FALSE,13
1.24321E+18,108,TRUE,TRUE,FALSE,No comments.,timohra,1,FALSE,3,TRUE,FALSE,13
1.243E+18,109,TRUE,TRUE,FALSE,No comments.,DiceyPrince_,1,FALSE,3,FALSE,TRUE,13
1.24517E+18,110,TRUE,TRUE,FALSE,"incomprehensible but the user has posted other tweets using Jew as a slur. This tweet could be read as ""almost no Jews did during the Holocaust.""",ChumCreek,3,FALSE,3,FALSE,FALSE,13
1.23773E+18,111,TRUE,TRUE,FALSE,No comments.,RosemaryHamulka,1,FALSE,3,TRUE,FALSE,13
1.2346E+18,112,TRUE,TRUE,FALSE,No comments.,petekitching,1,FALSE,3,TRUE,FALSE,13
1.21751E+18,113,TRUE,TRUE,FALSE,3.1.2 sticking to the letters but not the spirit of religious texts. Other posts by this user show that the user is pro-Christian and anti-homosexuality,beatplusmelodyy,4,FALSE,2,FALSE,FALSE,2
1.22714E+18,114,TRUE,TRUE,FALSE,No comments.,floody1978,1,FALSE,3,TRUE,FALSE,13
1.21836E+18,115,TRUE,TRUE,FALSE,No comments.,survivor_ptsd,1,FALSE,3,FALSE,TRUE,13
1.24034E+18,116,FALSE,TRUE,FALSE,No comments.,anemicbehavior,3,FALSE,3,FALSE,FALSE,13
1.21307E+18,117,TRUE,TRUE,FALSE,No comments.,eiri_left,1,FALSE,3,TRUE,FALSE,13
1.25542E+18,118,FALSE,TRUE,FALSE,No comments.,UniteMuslimss,3,FALSE,3,FALSE,FALSE,13
1.23555E+18,119,TRUE,TRUE,FALSE,No comments.,sweetromance,1,FALSE,3,FALSE,TRUE,13
1.2139E+18,120,TRUE,TRUE,FALSE,No comments.,StephanAnthony,1,FALSE,4,TRUE,FALSE,13
1.22194E+18,121,TRUE,TRUE,FALSE,No comments.,CollectiveDEI,1,FALSE,3,TRUE,TRUE,13
1.23156E+18,122,TRUE,TRUE,FALSE,No comments.,Yuyake2716,1,FALSE,3,FALSE,TRUE,13
1.25555E+18,123,TRUE,TRUE,FALSE,No comments.,Nephandus,1,FALSE,3,TRUE,FALSE,13
1.22197E+18,124,TRUE,TRUE,FALSE,No comments.,BBlackstone1,1,FALSE,3,TRUE,FALSE,13
1.21262E+18,125,FALSE,TRUE,FALSE,No comments.,belovedjustXO,3,FALSE,3,FALSE,FALSE,13
1.22407E+18,126,TRUE,TRUE,FALSE,3.1.7 apartheid,justicepal2014,5,FALSE,1,FALSE,FALSE,7
1.21704E+18,127,TRUE,TRUE,FALSE,No comments.,NeilMBornstein,1,FALSE,4,TRUE,FALSE,13
1.22187E+18,128,TRUE,TRUE,FALSE,No comments.,MizMelissaAaron,1,FALSE,3,FALSE,FALSE,13
1.21707E+18,129,TRUE,TRUE,FALSE,the users denies the Armenian genocide,Mkremin92800510,1,FALSE,3,FALSE,TRUE,13
1.25248E+18,130,TRUE,TRUE,FALSE,No comments.,SadeghZero,1,FALSE,3,FALSE,TRUE,13
1.21615E+18,131,TRUE,TRUE,FALSE,this user has called out antisemitism in other tweets too,narrativefeeder,1,FALSE,3,TRUE,FALSE,13
1.22033E+18,132,FALSE,TRUE,FALSE,No comments.,Fighter01_,3,FALSE,3,FALSE,FALSE,13
1.22891E+18,133,TRUE,TRUE,FALSE,user posts a lot of nonsense,Dovetail122,3,FALSE,3,FALSE,FALSE,13
1.25567E+18,134,TRUE,TRUE,TRUE,No comments.,MosesKahana,1,FALSE,4,FALSE,FALSE,13
1.21227E+18,135,TRUE,TRUE,FALSE,No comments.,labelitanswer,1,FALSE,3,TRUE,FALSE,13
1.22976E+18,136,FALSE,TRUE,FALSE,No comments.,gregwalden18,3,FALSE,3,FALSE,FALSE,13
1.22153E+18,137,TRUE,TRUE,FALSE,No comments.,bgtrpi,1,FALSE,3,FALSE,TRUE,13
1.24243E+18,138,TRUE,TRUE,FALSE,No comments.,crucial2020,2,FALSE,2,FALSE,FALSE,13
1.22157E+18,139,TRUE,TRUE,FALSE,No comments.,monica_sassy,1,FALSE,3,TRUE,FALSE,13
1.2298E+18,140,TRUE,TRUE,FALSE,No comments.,ElaineGrier5,1,FALSE,3,TRUE,FALSE,13
1.22809E+18,141,TRUE,TRUE,TRUE,No comments.,joe_schick,1,FALSE,3,FALSE,FALSE,13
1.22465E+18,142,TRUE,TRUE,FALSE,No comments.,PlantagenetJoan,1,FALSE,3,FALSE,TRUE,13
1.23827E+18,143,TRUE,TRUE,FALSE,compares Ghandi to Hitler and Sikhs to Jews,Pradeepkumarkvk,2,FALSE,3,FALSE,FALSE,13
1.23168E+18,144,TRUE,TRUE,FALSE,No comments.,romeu,1,FALSE,3,TRUE,FALSE,13
1.25041E+18,145,TRUE,TRUE,FALSE,This tweet is likely to mock Netanyahu's son but it also seems to call out antisemitism,NTarnopolsky,1,FALSE,3,TRUE,FALSE,13
1.23192E+18,146,TRUE,TRUE,FALSE,No comments.,SusannaKearsley,1,FALSE,3,FALSE,TRUE,13
1.24021E+18,147,TRUE,TRUE,FALSE,3.1.2,badach_dariusz,5,FALSE,2,FALSE,FALSE,2
1.22377E+18,148,TRUE,TRUE,FALSE,No comments.,gehns233rd,1,FALSE,3,FALSE,FALSE,13
1.21291E+18,149,TRUE,TRUE,FALSE,No comments.,rebhat61,1,FALSE,3,TRUE,FALSE,13
1.22318E+18,150,TRUE,TRUE,FALSE,No comments.,AbhikBhaduri,1,FALSE,3,FALSE,TRUE,13
1.21554E+18,151,TRUE,TRUE,FALSE,No comments.,AdeptWithWords,1,FALSE,3,TRUE,FALSE,13
1.2315E+18,152,TRUE,TRUE,FALSE,No comments.,Sawdust82566540,1,FALSE,3,TRUE,FALSE,13
1.24832E+18,153,TRUE,TRUE,FALSE,No comments.,ShaiDeLuca,1,FALSE,4,TRUE,FALSE,13
1.24719E+18,154,TRUE,TRUE,FALSE,"It's a thread. Together with this in a previous post"" People are taking the piss though and it's going to cost lives if we don't stop them"" this shuold be read as blaming Jews for Covid deaths",mikeash609,4,FALSE,1,FALSE,FALSE,2
1.25536E+18,155,TRUE,TRUE,FALSE,the users shows contempt for Blasio in other tweets,tarah_dactyl_,1,FALSE,3,TRUE,FALSE,13
1.24452E+18,156,TRUE,TRUE,FALSE,No comments.,kishkafka,1,FALSE,3,FALSE,TRUE,13
1.21798E+18,157,TRUE,TRUE,FALSE,No comments.,dougal62,1,FALSE,3,FALSE,FALSE,13
1.25218E+18,158,TRUE,TRUE,FALSE,No comments.,wienerlibrary,1,FALSE,3,FALSE,TRUE,13
1.21236E+18,159,FALSE,TRUE,FALSE,No comments.,Sombre99701417,3,FALSE,3,FALSE,FALSE,13
1.25273E+18,160,TRUE,TRUE,FALSE,No comments.,Slyvest72978336,1,FALSE,3,FALSE,TRUE,13
1.24212E+18,161,TRUE,TRUE,FALSE,No comments.,_samisaviv,1,FALSE,3,TRUE,FALSE,13
1.21634E+18,162,TRUE,TRUE,FALSE,THe way the user dismisses accusations of antisemitism hints to antisemitic ways of thinking which is confirmed in other posts (The party has allowed itself to become the hostage of @BoardofDeputies),HappyFerrret,1,TRUE,3,FALSE,FALSE,13
1.25597E+18,163,TRUE,TRUE,FALSE,No comments.,FrnkBntz,1,FALSE,3,TRUE,FALSE,13
1.21275E+18,164,TRUE,TRUE,FALSE,No comments.,conserbud,1,FALSE,3,TRUE,FALSE,13
1.21711E+18,165,TRUE,TRUE,FALSE,No comments.,SqueakBrothers,1,FALSE,3,TRUE,FALSE,13
1.2219E+18,166,TRUE,TRUE,FALSE,No comments.,SkidTRhoades,1,FALSE,3,FALSE,TRUE,13
1.24417E+18,167,TRUE,TRUE,FALSE,No comments.,anamed_ku,1,FALSE,3,FALSE,FALSE,13
1.23395E+18,168,TRUE,TRUE,FALSE,threat against Palestinians,ellensa41123459,1,FALSE,3,FALSE,FALSE,13
1.25429E+18,169,TRUE,TRUE,FALSE,3.1.4 and 3.1.2,ojiman2,5,FALSE,1,FALSE,FALSE,4
1.25233E+18,170,TRUE,TRUE,TRUE,No comments.,Shanecouver,1,FALSE,3,FALSE,FALSE,13
1.23463E+18,171,TRUE,TRUE,FALSE,"The user expresses here that being Jewish is something bad which is a strong hint to antisemitism.. (In another tweet the user accuses ""Jews wiping off Palestinians."")",reemcelestial,5,FALSE,2,FALSE,FALSE,0
1.2144E+18,172,TRUE,TRUE,FALSE,No comments.,DavidCSommers,1,FALSE,3,FALSE,FALSE,13
1.22247E+18,173,TRUE,TRUE,FALSE,No comments.,Sabi98288193,1,FALSE,3,TRUE,FALSE,13
1.23275E+18,174,TRUE,TRUE,FALSE,No comments.,mapi57,1,FALSE,3,FALSE,TRUE,13
1.23428E+18,175,TRUE,TRUE,FALSE,No comments.,mickelsonrm,1,FALSE,3,FALSE,FALSE,13
1.25181E+18,176,TRUE,TRUE,FALSE,No comments.,penelope_writes,1,FALSE,3,FALSE,TRUE,13
1.21762E+18,177,TRUE,TRUE,FALSE,this is a bot sending bible verses every minute,SevenShepherd,1,FALSE,3,FALSE,FALSE,13
1.23671E+18,178,TRUE,TRUE,FALSE,No comments.,ExDanmaku,1,FALSE,3,TRUE,FALSE,13
1.21376E+18,179,FALSE,TRUE,FALSE,No comments.,Monitor_Closely,3,FALSE,3,FALSE,FALSE,13
1.21765E+18,180,TRUE,TRUE,FALSE,"""being claimed by the Jews"" implies an active and intentional part of ""the Jews."" 3.1.2 in combination with 3.1.5. + Jews and Poles are seen as exclusionary categories",MWobbler,4,FALSE,2,FALSE,FALSE,2
1.25423E+18,181,TRUE,TRUE,FALSE,probably calling out but unclear because respective tweet has been deleted,MizrahiKing,1,FALSE,3,TRUE,FALSE,13
1.21971E+18,182,TRUE,TRUE,FALSE,No comments.,WhiteLotus3_9,1,FALSE,3,FALSE,FALSE,13
1.2254E+18,183,TRUE,TRUE,FALSE,No comments.,GJTIII,1,FALSE,3,TRUE,FALSE,13
1.23482E+18,184,TRUE,TRUE,TRUE,"The reason given for ""skipping"" pro-Israeli AIPAC is that an Israeli soldier mistreats a child, presumably this stands for Israel as a whole. This can be seen as 3.1.7 (racist endeavor)",me4usa,4,FALSE,1,FALSE,FALSE,7
1.21719E+18,185,TRUE,TRUE,FALSE,No comments.,DominikKorthaus,1,FALSE,3,FALSE,FALSE,13
1.22862E+18,186,TRUE,TRUE,FALSE,No comments.,KayOrder,1,FALSE,3,TRUE,FALSE,13
1.23641E+18,187,TRUE,TRUE,FALSE,No comments.,ccw1933,1,FALSE,3,TRUE,FALSE,13
1.21672E+18,188,TRUE,TRUE,FALSE,4.1.4 This denies the intentionality/ antisemitism of the Holocaust. But this kind of diminishing of the Holocaust seems to be not explicit enough for the IHRA definition,delorose,2,TRUE,3,FALSE,FALSE,13
1.24397E+18,189,FALSE,TRUE,FALSE,No comments.,ForgeTheBore,3,FALSE,3,FALSE,FALSE,13
1.25536E+18,190,TRUE,TRUE,FALSE,No comments.,KrisClark1,1,FALSE,3,TRUE,FALSE,13
1.22931E+18,191,TRUE,TRUE,FALSE,No comments.,zzxyxy,1,FALSE,3,TRUE,FALSE,13
1.2129E+18,192,TRUE,TRUE,FALSE,4.1.4 But this kind of diminishing of the Holocaust seems to be not explicit enough for the IHRA definition,joncody98,2,TRUE,3,FALSE,FALSE,13
1.21415E+18,193,TRUE,TRUE,FALSE,No comments.,youtubevidlinks,1,FALSE,3,FALSE,TRUE,13
1.25573E+18,194,TRUE,TRUE,FALSE,No comments.,etta_dziver,1,FALSE,3,TRUE,FALSE,13
1.25594E+18,195,TRUE,TRUE,FALSE,No comments.,LewisTh47149165,1,FALSE,3,TRUE,FALSE,13
1.23633E+18,196,TRUE,TRUE,FALSE,No comments.,RotQ2,1,FALSE,3,FALSE,TRUE,13
1.25477E+18,197,TRUE,TRUE,FALSE,No comments.,RootlessDov,1,FALSE,3,TRUE,FALSE,13
1.24181E+18,198,TRUE,TRUE,FALSE,No comments.,ricgus,1,FALSE,4,FALSE,FALSE,13
1.2283E+18,199,TRUE,TRUE,FALSE,No comments.,Kellydeer1,1,FALSE,3,FALSE,TRUE,13
1.21301E+18,200,TRUE,TRUE,FALSE,No comments.,djbarro,1,FALSE,3,FALSE,FALSE,13
1.21323E+18,201,TRUE,TRUE,FALSE,No comments.,PatriarchTree,1,FALSE,3,TRUE,FALSE,13
1.25241E+18,202,TRUE,TRUE,FALSE,No comments.,LittleMissC,1,FALSE,3,FALSE,TRUE,13
1.25347E+18,203,TRUE,TRUE,FALSE,No comments.,sprecher_rob,1,FALSE,3,FALSE,TRUE,13
1.23179E+18,204,TRUE,TRUE,FALSE,No comments.,Yankeegal11,1,FALSE,3,TRUE,FALSE,13
1.22988E+18,205,TRUE,TRUE,FALSE,No comments.,bluestarpr,1,FALSE,3,FALSE,FALSE,13
1.2511E+18,206,TRUE,TRUE,FALSE,No comments.,ShorrTirza,1,FALSE,3,TRUE,FALSE,13
1.25043E+18,207,FALSE,TRUE,FALSE,No comments.,6868Aam,3,FALSE,3,FALSE,FALSE,13
1.23318E+18,208,TRUE,TRUE,FALSE,No comments.,Patriqtscott,1,FALSE,3,TRUE,FALSE,13
1.25553E+18,209,TRUE,TRUE,FALSE,#NaziDeBlasio could be seen as diminishing the Holocaust 3.1.4,Liberty2787,1,FALSE,3,TRUE,FALSE,13
1.23011E+18,210,FALSE,TRUE,FALSE,No comments.,HowDareGOP,3,FALSE,3,FALSE,FALSE,13
1.22969E+18,211,TRUE,TRUE,FALSE,compares deClerk to Hitler...,Slimaliwa,1,FALSE,4,FALSE,FALSE,13
1.24198E+18,212,TRUE,TRUE,FALSE,No comments.,Kbmils,1,FALSE,3,TRUE,FALSE,13
1.22196E+18,213,TRUE,TRUE,FALSE,No comments.,Jay_S_Diaz,1,FALSE,3,FALSE,TRUE,13
1.21704E+18,214,TRUE,TRUE,TRUE,No comments.,AndreaZanardo8,1,FALSE,3,TRUE,FALSE,13
1.25584E+18,215,TRUE,TRUE,FALSE,"""hitleresque move"" can be seen as diminishing the Holocaust 3.1.4",PennyTweetT,2,FALSE,3,TRUE,FALSE,13
1.25267E+18,216,TRUE,TRUE,FALSE,No comments.,lakie3510,1,FALSE,3,TRUE,TRUE,13
1.23361E+18,217,TRUE,TRUE,FALSE,No comments.,Just_anIsraeli,1,FALSE,3,TRUE,FALSE,13
1.21351E+18,218,TRUE,TRUE,FALSE,No comments.,harv056,1,FALSE,3,FALSE,FALSE,13
1.22977E+18,219,TRUE,TRUE,FALSE,No comments.,mlrock912,1,FALSE,3,FALSE,FALSE,13
1.21388E+18,220,TRUE,TRUE,FALSE,supersessionism? (1.0 contempt),AnsielJeff,2,FALSE,2,FALSE,FALSE,13
1.22671E+18,221,TRUE,TRUE,FALSE,stereotypical allegation: rejecting truth and being blind to the truth (old Christian accusation),ZenasNomikos,5,FALSE,1,FALSE,FALSE,2
1.24708E+18,222,TRUE,TRUE,FALSE,No comments.,LexiBardot1,1,FALSE,3,TRUE,FALSE,13
1.21583E+18,223,TRUE,TRUE,FALSE,No comments.,nitedili,1,FALSE,3,TRUE,FALSE,13
1.25161E+18,224,TRUE,TRUE,FALSE,this omits the antisemitism on the part of the Polish resistance and becomes therefore a false view on the Ghetto uprising,uriahsculder,1,FALSE,3,FALSE,FALSE,13
1.23163E+18,225,TRUE,TRUE,FALSE,No comments.,BhakthLokesh,1,FALSE,3,TRUE,FALSE,13
1.22107E+18,226,TRUE,TRUE,FALSE,wild conspiracy theory. no irony because similar posts,VeganJase,5,FALSE,1,FALSE,FALSE,2
1.25548E+18,227,TRUE,TRUE,FALSE,No comments.,KairaFloresss,1,FALSE,3,FALSE,FALSE,13
1.21825E+18,228,TRUE,TRUE,FALSE,"the corresponding tweet is deleted and it is unclear for what Jews are blamed. However, the user has other extreme right-wing posts, Il est Ã©crit Ã  l'attention des chrÃ©tiens Goyims par des juifs",LONELY_WALKER1,5,FALSE,2,FALSE,FALSE,2
1.23014E+18,229,TRUE,TRUE,FALSE,No comments.,BearingTruth,1,FALSE,4,FALSE,FALSE,13
1.21866E+18,230,TRUE,TRUE,FALSE,No comments.,ReasonPrevail,1,FALSE,3,FALSE,FALSE,13
1.23554E+18,231,TRUE,TRUE,FALSE,No comments.,queerzionut,1,FALSE,3,TRUE,FALSE,13
1.25262E+18,232,TRUE,TRUE,FALSE,No comments.,lenoranail_73,1,FALSE,5,TRUE,FALSE,13
1.24349E+18,233,TRUE,TRUE,FALSE,No comments.,Fear_Less_baby,1,FALSE,3,TRUE,FALSE,13
1.24537E+18,234,TRUE,TRUE,FALSE,No comments.,yanioosl,1,FALSE,3,FALSE,TRUE,13
1.21678E+18,235,TRUE,TRUE,FALSE,"open denial of antisemitism is a strong hint of antisemitism. A look at other tweets from this user confirms this ""because the World and especially the US have made Israel untouchable""",zeerlin12,1,TRUE,2,FALSE,FALSE,13
1.21946E+18,236,TRUE,TRUE,FALSE,envy of Jews for Holocaust commemorations,drsubirsaha,1,FALSE,2,FALSE,FALSE,13
1.21786E+18,237,TRUE,TRUE,FALSE,No comments.,illrev2,1,FALSE,3,FALSE,TRUE,13
1.2254E+18,238,TRUE,TRUE,FALSE,No comments.,tomburke999,1,FALSE,3,TRUE,FALSE,13
1.25019E+18,239,TRUE,TRUE,FALSE,No comments.,ThanksDad2,1,FALSE,3,FALSE,FALSE,13
1.24277E+18,240,TRUE,TRUE,FALSE,No comments.,streetsax2,1,FALSE,3,FALSE,FALSE,13
1.23053E+18,241,TRUE,TRUE,FALSE,No comments.,AKMcTavish,1,FALSE,3,TRUE,FALSE,13
1.22044E+18,242,TRUE,TRUE,FALSE,No comments.,ThrowbackLib,1,FALSE,3,TRUE,TRUE,13
1.24601E+18,243,TRUE,TRUE,FALSE,strong anti-Zionism but does not meet IHRA criteria. However other tweets show that the user demonizes Israel and Zionism entirely,naz_faris,2,TRUE,1,FALSE,FALSE,13
1.22399E+18,244,TRUE,TRUE,FALSE,3.1.4 But this kind of diminishing of the Holocaust seems to be not explicit enough for the IHRA definition,iris_gibson89,1,TRUE,3,FALSE,FALSE,13
1.24935E+18,245,TRUE,TRUE,FALSE,treacherous;,KemalistGymcel,5,FALSE,1,FALSE,FALSE,2
1.21424E+18,246,TRUE,TRUE,FALSE,No comments.,cubehaver,1,FALSE,3,TRUE,FALSE,13
1.25573E+18,247,TRUE,TRUE,FALSE,No comments.,PopChassid,1,FALSE,3,TRUE,FALSE,13
1.25061E+18,248,TRUE,TRUE,FALSE,No comments.,Greg_DeFusco,1,FALSE,3,TRUE,FALSE,13
1.25278E+18,249,TRUE,TRUE,FALSE,No comments.,EvilGreenRangr,1,FALSE,3,FALSE,TRUE,13
1.25553E+18,250,TRUE,TRUE,FALSE,No comments.,psykojoe67,1,FALSE,3,TRUE,FALSE,13
1.23738E+18,251,TRUE,TRUE,FALSE,No comments.,Savagemind125,1,FALSE,3,TRUE,FALSE,13
1.25213E+18,252,TRUE,TRUE,FALSE,No comments.,harryclarkhci,1,FALSE,3,TRUE,TRUE,13
1.25558E+18,253,TRUE,TRUE,FALSE,No comments.,winston3453,1,FALSE,3,TRUE,FALSE,13
1.22189E+18,254,TRUE,TRUE,FALSE,3.1.4 But this kind of diminishing of the Holocaust seems to be not explicit enough for the IHRA definition,chuddles11,1,TRUE,3,FALSE,FALSE,13
1.22666E+18,255,TRUE,TRUE,FALSE,No comments.,QUIGGYPAULS,5,FALSE,1,FALSE,FALSE,2
1.21776E+18,256,TRUE,TRUE,FALSE,No comments.,TriaRyder,1,FALSE,3,TRUE,FALSE,13
1.2183E+18,257,TRUE,TRUE,FALSE,"stereotypical description as Jews not belonging to European nations, anti-national/cosmopolitan. This user is more explicit in other tweets. ""Because Jews are the archetypal globalist race without roo",DuchesneRicardo,2,FALSE,3,FALSE,FALSE,2
1.24764E+18,258,TRUE,TRUE,FALSE,association of the bachelor with RICH JEWS is strong indication of antisemitic sentiments. The linked article does not mention an relation to Je,choc0latem1lk,2,TRUE,3,FALSE,FALSE,13
1.21588E+18,259,TRUE,TRUE,FALSE,No comments.,Sheindie,1,FALSE,3,TRUE,FALSE,13
1.22771E+18,260,TRUE,TRUE,FALSE,"however, in complete denial of antisemitism within Labour",Daddy__c0o1,1,FALSE,3,FALSE,FALSE,13
1.23741E+18,261,TRUE,TRUE,FALSE,3.1.4 But this kind of diminishing of the Holocaust seems to be not explicit enough for the IHRA definition (and in this case I don't think it is a hint to antisemitic resentment but rather bad rhetor,gary_monsees,1,FALSE,3,FALSE,FALSE,13
1.2219E+18,262,TRUE,TRUE,FALSE,No comments.,maxsingerinidy,2,FALSE,3,FALSE,TRUE,13
1.23987E+18,263,TRUE,TRUE,FALSE,No comments.,BlkRobeRegiment,1,FALSE,3,TRUE,FALSE,13
1.22222E+18,264,TRUE,TRUE,FALSE,this demonization of Sanders might hint to some antisemitic sentiments despite calling out antisemitism,KMGGaryde,1,TRUE,3,TRUE,FALSE,13
1.21312E+18,265,TRUE,TRUE,FALSE,No comments.,NathanAngelus,1,FALSE,3,TRUE,FALSE,13
1.21428E+18,266,TRUE,TRUE,TRUE,No comments.,GrammyD15,1,FALSE,3,TRUE,FALSE,13
1.2204E+18,267,TRUE,TRUE,FALSE,No comments.,Flaco_326,1,FALSE,3,FALSE,TRUE,13
1.2472E+18,268,TRUE,TRUE,FALSE,"The user has many other tweets that include antisemitic conspiracy theories, such as ""The Rothschilds ordered the execution by Bolsheviks they controlled, of Tsar Nicholas II and his entire family""",LawlessBritain,1,FALSE,1,FALSE,FALSE,1
1.25224E+18,269,TRUE,TRUE,FALSE,3.1.4 But this kind of diminishing of the Holocaust seems to be not explicit enough for the IHRA definition,Zeeus18,2,TRUE,3,FALSE,FALSE,1
1.22732E+18,270,TRUE,TRUE,FALSE,No comments.,zhanwithluv,1,FALSE,3,FALSE,FALSE,13
1.21246E+18,271,TRUE,TRUE,FALSE,No comments.,SievertNorman,1,FALSE,3,TRUE,FALSE,13
1.23498E+18,272,TRUE,TRUE,TRUE,No comments.,urrungirrung,1,FALSE,3,FALSE,FALSE,13
1.22364E+18,273,TRUE,TRUE,FALSE,No comments.,auschwitzxhibit,1,FALSE,3,FALSE,TRUE,13
1.23161E+18,274,TRUE,TRUE,FALSE,No comments.,xenosstinkriti,1,FALSE,3,TRUE,FALSE,13
1.23492E+18,275,TRUE,TRUE,FALSE,No comments.,YatPundit,1,FALSE,3,FALSE,TRUE,13
1.22399E+18,276,TRUE,TRUE,FALSE,3.1.4 But this kind of diminishing of the Holocaust seems to be not explicit enough for the IHRA definition,HopelessLiberal,1,FALSE,3,FALSE,FALSE,13
1.22398E+18,277,TRUE,TRUE,FALSE,No comments.,RioFendA,1,FALSE,3,TRUE,FALSE,13
1.22976E+18,278,TRUE,TRUE,FALSE,3.1.4 But this kind of diminishing of the Holocaust seems to be not explicit enough for the IHRA definition,That_MphelaGuy,1,FALSE,4,FALSE,FALSE,13
1.22181E+18,279,TRUE,TRUE,FALSE,No comments.,KathleenMarrio4,1,FALSE,3,FALSE,TRUE,13
1.23352E+18,280,TRUE,TRUE,FALSE,No comments.,Deef1207,1,FALSE,3,FALSE,TRUE,13
1.23239E+18,281,TRUE,TRUE,FALSE,No comments.,george_mas,1,FALSE,3,FALSE,FALSE,13
1.23824E+18,282,TRUE,TRUE,FALSE,stereotypical allegation: rejecting truth and being blind to the truth (old Christian accusation),sphillips725s,2,FALSE,3,FALSE,FALSE,13
1.25534E+18,283,TRUE,TRUE,FALSE,No comments.,BlackRose_NYC,1,FALSE,3,TRUE,FALSE,13
1.23284E+18,284,TRUE,TRUE,FALSE,3.1.4 But this kind of diminishing of the Holocaust (even if this refers to the 1930s) seems to be not explicit enough for the IHRA definition,DediBinBuchori,1,FALSE,3,FALSE,FALSE,13
1.21694E+18,285,TRUE,TRUE,FALSE,No comments.,Adityad05404270,1,FALSE,3,FALSE,FALSE,13
1.22778E+18,286,TRUE,TRUE,FALSE,3.1.2 accusation of cruelty of Judaism?,KyleChenIntact,2,FALSE,3,FALSE,FALSE,13
1.22472E+18,287,TRUE,TRUE,FALSE,anti-Muslim,PaulSR36855907,1,FALSE,3,FALSE,FALSE,13
1.21433E+18,288,TRUE,TRUE,FALSE,No comments.,DeplrbleRzistr,1,FALSE,3,TRUE,FALSE,13
1.25272E+18,289,TRUE,TRUE,FALSE,No comments.,brucephil,1,FALSE,3,FALSE,TRUE,13
1.22333E+18,290,TRUE,TRUE,FALSE,No comments.,chaya_nouri,1,FALSE,3,TRUE,FALSE,13
1.22549E+18,291,TRUE,TRUE,FALSE,No comments.,jonnybaldini,1,FALSE,3,FALSE,FALSE,13
1.25549E+18,292,TRUE,TRUE,FALSE,No comments.,vickimoreau,1,FALSE,3,TRUE,FALSE,13
1.24322E+18,293,TRUE,TRUE,FALSE,No comments.,Ambujshailaj,1,FALSE,4,FALSE,FALSE,13
1.24747E+18,294,TRUE,TRUE,FALSE,No comments.,SUNNYBOYBLACK,1,FALSE,3,FALSE,FALSE,13
1.23425E+18,295,TRUE,TRUE,FALSE,No comments.,kenny3911,1,FALSE,3,TRUE,FALSE,13
1.21979E+18,296,TRUE,TRUE,FALSE,No comments.,RaymondMax9,1,FALSE,3,TRUE,FALSE,13
1.22321E+18,297,TRUE,TRUE,FALSE,3.1.4 But this kind of diminishing of the Holocaust seems to be not explicit enough for the IHRA definition,maniksharma_7,2,FALSE,3,FALSE,FALSE,13
1.23917E+18,298,TRUE,TRUE,TRUE,No comments.,FortHoody,1,FALSE,3,FALSE,FALSE,13
1.21648E+18,299,TRUE,TRUE,FALSE,No comments.,AlhanDani4,1,FALSE,3,FALSE,FALSE,13
1.21371E+18,300,TRUE,TRUE,FALSE,No comments.,SNnanyelug,1,FALSE,3,TRUE,FALSE,13
1.23236E+18,301,TRUE,TRUE,FALSE,No comments.,JewYid,1,FALSE,3,FALSE,FALSE,13
1.21963E+18,302,TRUE,TRUE,TRUE,"other posts show that the user is calling out antisemitism although mostly from Muslims and the left. The user is explicitly anti-liberal, against socialism, and pro-Trump",ReaperHayes,2,FALSE,3,FALSE,TRUE,13
1.21577E+18,303,TRUE,TRUE,TRUE,No comments.,adamscrabble,1,FALSE,3,TRUE,FALSE,13
1.25232E+18,304,TRUE,TRUE,FALSE,No comments.,ThomasBridge3,1,FALSE,3,TRUE,TRUE,13
1.2325E+18,305,TRUE,TRUE,FALSE,user has called out antisemitism often,EmmasBugsBunny,1,FALSE,3,TRUE,FALSE,13
1.21551E+18,306,TRUE,TRUE,FALSE,No comments.,Dootster,1,FALSE,3,TRUE,FALSE,13
1.24191E+18,307,TRUE,TRUE,FALSE,No comments.,surinderTalking,1,FALSE,3,FALSE,FALSE,13
1.21752E+18,308,TRUE,TRUE,TRUE,the user is very critical of Israel and pro-BDS. This tweet indicrectly expresses disapproval with calling out antizionist forms of antisemitism within Labour,nigel7272,1,FALSE,3,FALSE,FALSE,13
1.21417E+18,309,TRUE,TRUE,FALSE,No comments.,RichAtl88,1,FALSE,2,TRUE,FALSE,13
1.24791E+18,310,TRUE,TRUE,FALSE,No comments.,itsstevenhudson,1,FALSE,3,FALSE,FALSE,13
1.21522E+18,311,FALSE,TRUE,FALSE,No comments.,leethal007,3,FALSE,3,FALSE,FALSE,13
1.22767E+18,312,TRUE,TRUE,FALSE,No comments.,Sarbbajit,1,FALSE,3,TRUE,FALSE,13
1.22213E+18,313,TRUE,TRUE,FALSE,this user has many tweets that allege that Muslim victims of bigotry are not taking as serious as Jews. This points to a victim envy,wik_riki,1,FALSE,3,FALSE,FALSE,13
1.2557E+18,314,TRUE,TRUE,FALSE,No comments.,AFern66,1,FALSE,3,TRUE,FALSE,13
1.24758E+18,315,TRUE,TRUE,FALSE,No comments.,courtneymarks98,1,FALSE,3,FALSE,FALSE,13
1.2131E+18,316,TRUE,TRUE,FALSE,No comments.,MikeyMerely,1,FALSE,3,TRUE,FALSE,13
1.24646E+18,317,TRUE,TRUE,FALSE,"CT is obvious but antisemitic CT? It does not say ""the Jews"" are behind the CT but the disticntion of non-Zionist Jews is likely to be read as a hint to Zionist Jews being part of the CT",endoftimeupdate,4,FALSE,2,FALSE,FALSE,1
1.25535E+18,318,TRUE,TRUE,FALSE,No comments.,MannyLinares3,1,FALSE,3,TRUE,FALSE,13
1.2172E+18,319,TRUE,TRUE,FALSE,No comments.,mojos55,1,FALSE,3,TRUE,FALSE,13
1.22458E+18,320,FALSE,TRUE,FALSE,No comments.,ThatsEuropinion,3,FALSE,3,FALSE,FALSE,13
1.24926E+18,321,TRUE,TRUE,FALSE,No comments.,Paul62NW3,1,FALSE,3,TRUE,FALSE,13
1.24847E+18,322,TRUE,TRUE,FALSE,No comments.,PJMG71636355,1,FALSE,4,FALSE,FALSE,13
1.22371E+18,323,TRUE,TRUE,FALSE,No comments.,YairWallach,1,FALSE,3,FALSE,FALSE,13
1.25265E+18,324,TRUE,TRUE,FALSE,No comments.,lininohio,1,FALSE,3,FALSE,TRUE,13
1.23561E+18,325,FALSE,TRUE,FALSE,No comments.,computermouse12,3,FALSE,3,FALSE,FALSE,13
1.23704E+18,326,TRUE,TRUE,FALSE,No comments.,MairavZ,1,FALSE,2,FALSE,FALSE,13
1.25007E+18,327,TRUE,TRUE,FALSE,classic stereotype  rejecting truth and being blind to the truth,MadCornishBiker,5,FALSE,2,FALSE,FALSE,2
1.22925E+18,328,TRUE,TRUE,FALSE,No comments.,jeffersonsheir9,1,FALSE,3,TRUE,FALSE,13
1.24028E+18,329,TRUE,TRUE,FALSE,other posts show that this user is rather sympathetic to local Jews but worried about the Covid and not taking distance. The one like the user got for the tweet is from someone who hasn't shown hatred,fried_grits,1,FALSE,3,FALSE,FALSE,13
1.24326E+18,330,TRUE,TRUE,FALSE,No comments.,kabalissima,1,FALSE,3,TRUE,FALSE,13
1.24883E+18,331,TRUE,TRUE,FALSE,@MandyMeadowland posts pornographic images and videos,MikeTibbits,3,FALSE,3,FALSE,FALSE,13
1.22355E+18,332,TRUE,TRUE,FALSE,No comments.,tulasiram67,1,FALSE,3,TRUE,FALSE,13
1.21426E+18,333,TRUE,TRUE,FALSE,No comments.,vandefifer,1,FALSE,3,TRUE,FALSE,13
1.24441E+18,334,TRUE,TRUE,FALSE,No comments.,SunnySixxkiller,5,FALSE,2,FALSE,FALSE,2
1.25401E+18,335,TRUE,TRUE,FALSE,No comments.,LeftIsBest8,1,FALSE,3,TRUE,FALSE,13
1.23823E+18,336,TRUE,TRUE,FALSE,Jews conspiring against white Christians,Rajxlion99x,5,FALSE,2,FALSE,FALSE,2
1.24747E+18,337,TRUE,TRUE,FALSE,perhaps classic stereotype  rejecting truth and being blind to the truth,mariusz_jaskot,2,FALSE,2,FALSE,FALSE,2
1.2143E+18,338,TRUE,TRUE,FALSE,No comments.,squirrel_doom,1,FALSE,3,TRUE,FALSE,13
1.21331E+18,339,TRUE,TRUE,FALSE,accusation: Jews are racist,KarlThorburn,5,FALSE,1,FALSE,FALSE,1
1.2174E+18,340,TRUE,TRUE,FALSE,No comments.,TWITLYBUTTON,1,FALSE,3,FALSE,TRUE,13
1.2422E+18,341,TRUE,TRUE,FALSE,the identifies as Jewish,jordynaps,1,FALSE,3,FALSE,FALSE,13
1.22894E+18,342,TRUE,TRUE,FALSE,No comments.,CrazyNormie,1,FALSE,3,TRUE,FALSE,13
1.24752E+18,343,TRUE,TRUE,FALSE,No comments.,nhmeems,1,FALSE,3,FALSE,FALSE,13
1.2455E+18,344,TRUE,TRUE,FALSE,No comments.,Bolo347,1,FALSE,3,FALSE,TRUE,13
1.23181E+18,345,TRUE,TRUE,FALSE,"accusation: some who say they are Jews are members of the synagogue of satan. the user seems to send out bible phrases every hour (bot?) and some additional  retweets. The user has 2600 followers, noone",Miriam_Bless,4,FALSE,2,FALSE,FALSE,2
1.22615E+18,346,TRUE,TRUE,FALSE,No comments.,The5Bomars,1,FALSE,3,FALSE,TRUE,13
1.23289E+18,347,TRUE,TRUE,TRUE,3.1.7 apartheid,Gnarlyheadache1,5,FALSE,1,FALSE,FALSE,7
1.22487E+18,348,FALSE,TRUE,FALSE,No comments.,leila_nord,3,FALSE,3,FALSE,FALSE,13
1.22184E+18,349,TRUE,TRUE,FALSE,No comments.,notsofiacoppola,1,FALSE,3,FALSE,TRUE,13
1.22266E+18,350,FALSE,TRUE,FALSE,"""elected"" in quot. marks shows CT, fetishized Jews alleges special power. This user has very explicit antisemitic tweets",RickEm13,4,FALSE,2,FALSE,FALSE,2
1.21363E+18,351,FALSE,TRUE,FALSE,No comments.,LadyLoved75,3,FALSE,3,FALSE,FALSE,13
1.22806E+18,352,TRUE,TRUE,FALSE,No comments.,cliffschecter,1,FALSE,3,TRUE,FALSE,13
1.23176E+18,353,FALSE,TRUE,FALSE,No comments.,LuluKk86207220,3,FALSE,3,FALSE,FALSE,13
1.2237E+18,354,TRUE,TRUE,FALSE,No comments.,Marceline555,1,FALSE,3,TRUE,FALSE,13
1.21283E+18,355,TRUE,TRUE,FALSE,No comments.,haaretzcom,1,FALSE,3,FALSE,FALSE,13
1.24666E+18,356,TRUE,TRUE,FALSE,No comments.,member15,1,FALSE,3,TRUE,FALSE,13
1.22899E+18,357,TRUE,TRUE,FALSE,No comments.,joenihl,1,FALSE,3,FALSE,FALSE,13
1.23109E+18,358,TRUE,TRUE,FALSE,No comments.,GirardDiana,1,FALSE,3,FALSE,FALSE,13
1.22205E+18,359,TRUE,TRUE,FALSE,"gross misrepresentation of cited article. The Times of Israel explicitly says that Israel Shamir is an antisemitic author. This is omitted in the tweet. 3.1.2: disloyal, arrogant",accouder,5,FALSE,2,FALSE,FALSE,2
1.25537E+18,360,TRUE,TRUE,FALSE,3.1.4 But this kind of diminishing of the Holocaust seems to be not explicit enough for the IHRA definition,calling12001,1,TRUE,3,TRUE,FALSE,13
1.22981E+18,361,TRUE,TRUE,FALSE,No comments.,SamSlamDunkIAm,1,FALSE,3,TRUE,FALSE,13
1.25267E+18,362,TRUE,TRUE,FALSE,No comments.,RhondaRN62,1,FALSE,3,FALSE,TRUE,13
1.22793E+18,363,TRUE,TRUE,FALSE,No comments.,FreeSpe84593309,1,FALSE,3,FALSE,FALSE,13
1.25348E+18,364,TRUE,TRUE,FALSE,No comments.,TEckbold,1,FALSE,3,FALSE,FALSE,13
1.25167E+18,365,TRUE,TRUE,FALSE,clannish,MoselaThabo,2,FALSE,4,FALSE,FALSE,2
1.22022E+18,366,TRUE,TRUE,FALSE,No comments.,ChicagoSoyBoy,1,FALSE,3,FALSE,TRUE,13
1.25012E+18,367,TRUE,TRUE,FALSE,the original tweet was not about Jews. The user implicitly accuses Jews that no reparations to black people are paid. +the linked article peddles with the trope that Jews were slave owners,modernactivism,4,FALSE,2,FALSE,FALSE,2
1.23605E+18,368,TRUE,TRUE,FALSE,No comments.,QuinnTpquinn2,5,FALSE,1,FALSE,FALSE,2
1.22532E+18,369,FALSE,TRUE,FALSE,No comments.,Eclectic2019,3,FALSE,3,FALSE,FALSE,13
1.23053E+18,370,TRUE,TRUE,FALSE,No comments.,VascoVick,1,FALSE,3,FALSE,FALSE,13
1.21513E+18,371,TRUE,TRUE,FALSE,No comments.,Vegelicious101,1,FALSE,3,FALSE,TRUE,13
1.25551E+18,372,TRUE,TRUE,FALSE,this is not ironic. the user has posted other antisemitic tweets,EjikeTheGREAT,5,FALSE,2,FALSE,FALSE,1
1.2303E+18,373,TRUE,TRUE,FALSE,No comments.,Deborahsolomon,1,FALSE,3,FALSE,FALSE,13
1.25116E+18,374,TRUE,TRUE,FALSE,No comments.,gabrielsen_,1,FALSE,3,FALSE,FALSE,13
1.21962E+18,375,TRUE,TRUE,FALSE,No comments.,AmiShu32915320,1,FALSE,3,TRUE,FALSE,13
1.23364E+18,376,TRUE,TRUE,FALSE,3.1.4 But this kind of diminishing of the Holocaust seems to be not explicit enough for the IHRA definition,QasimLoveIK,1,TRUE,3,FALSE,FALSE,13
1.24812E+18,377,TRUE,TRUE,FALSE,No comments.,jai_rom,1,FALSE,3,FALSE,FALSE,13
1.22705E+18,378,TRUE,TRUE,FALSE,No comments.,PSW_66,1,FALSE,3,FALSE,TRUE,13
1.22675E+18,379,TRUE,TRUE,FALSE,"The user uses this statement by NK to promote 3.1.7. + They make Jews white (=racist oppressors) which is not at all what NK says in video. ""probably"" because it might not be explicit enough for IHRA",AcepWaluyo,4,FALSE,1,FALSE,FALSE,7
1.22785E+18,380,TRUE,TRUE,FALSE,No comments.,hishamkhan46,1,FALSE,3,FALSE,TRUE,13
1.22808E+18,381,TRUE,TRUE,FALSE,No comments.,JeanValjenny,1,FALSE,3,FALSE,FALSE,13
1.21242E+18,382,TRUE,TRUE,FALSE,No comments.,buckethead2016,1,FALSE,3,TRUE,FALSE,13
1.2199E+18,383,TRUE,TRUE,FALSE,No comments.,SpiritdeCharlie,1,FALSE,3,TRUE,FALSE,13
1.22582E+18,384,TRUE,TRUE,FALSE,No comments.,beamstx,1,FALSE,3,FALSE,FALSE,13
1.24996E+18,385,TRUE,TRUE,FALSE,No comments.,m3guhn,1,FALSE,3,FALSE,FALSE,13
1.22177E+18,386,FALSE,TRUE,FALSE,No comments.,brookIyn118,3,FALSE,3,FALSE,FALSE,13
1.22193E+18,387,TRUE,TRUE,FALSE,No comments.,DorisMatsui,1,FALSE,3,FALSE,TRUE,13
1.24171E+18,388,TRUE,TRUE,FALSE,No comments.,Abbwabb,1,FALSE,4,FALSE,FALSE,13
1.21582E+18,389,TRUE,TRUE,FALSE,No comments.,dboxster1,1,FALSE,3,TRUE,FALSE,13
1.25339E+18,390,TRUE,TRUE,TRUE,"message with the link: Jews undermining culture and morals, especially concerning sexuality. The user has many AS posts. Readers will understand the antisemitic message even if it is implicit",Driveby_Patriot,5,FALSE,2,FALSE,FALSE,2
1.22197E+18,391,TRUE,TRUE,FALSE,No comments.,ginarcameron,1,FALSE,3,TRUE,FALSE,13
1.22596E+18,392,TRUE,TRUE,FALSE,No comments.,LeeStrobel,1,FALSE,3,FALSE,FALSE,13
1.23919E+18,393,TRUE,TRUE,FALSE,"Russian antisemite, linked to ""free currency"" website, deror.org",DomeLord,5,FALSE,1,FALSE,FALSE,2
1.21606E+18,394,TRUE,TRUE,FALSE,3.1.4 But this kind of diminishing of the Holocaust seems to be not explicit enough for the IHRA definition,ArnoldFFege,1,FALSE,3,FALSE,FALSE,13
1.2556E+18,395,TRUE,TRUE,FALSE,No comments.,Odd__opinions,1,FALSE,3,TRUE,FALSE,13
1.24658E+18,396,TRUE,TRUE,FALSE,No comments.,no_jew_hate,1,FALSE,3,TRUE,FALSE,13
1.2326E+18,397,TRUE,TRUE,FALSE,3.1.4 But this kind of diminishing of the Holocaust seems to be not explicit enough for the IHRA definition,RanaMun42479298,1,FALSE,3,FALSE,FALSE,13
1.21315E+18,398,FALSE,TRUE,FALSE,No comments.,madarasenpai3,3,FALSE,3,FALSE,FALSE,13
1.25539E+18,399,TRUE,TRUE,FALSE,No comments.,YinYang18175500,1,FALSE,3,TRUE,FALSE,13
1.21392E+18,400,TRUE,TRUE,FALSE,No comments.,lisandl1,1,FALSE,3,TRUE,FALSE,13
1.24575E+18,401,TRUE,TRUE,FALSE,typo: michael @whatmjtweeted Â· Apr 2 30 k Jews tho haha views I meant haha.,whatmjtweeted,1,FALSE,3,FALSE,FALSE,13
1.2519E+18,402,TRUE,TRUE,FALSE,No comments.,tmaedavis,1,FALSE,3,FALSE,TRUE,13
1.23677E+18,403,TRUE,TRUE,FALSE,No comments.,Harry1T6,1,FALSE,3,TRUE,FALSE,13
1.21867E+18,404,TRUE,TRUE,FALSE,No comments.,Hyperbaly,1,FALSE,3,FALSE,FALSE,13
1.23755E+18,405,TRUE,TRUE,FALSE,No comments.,smadajleahcim,1,FALSE,3,FALSE,TRUE,13
1.22174E+18,406,TRUE,TRUE,FALSE,"anti-Muslim, anti refugee",IsraeliZara,1,FALSE,3,FALSE,FALSE,13
1.21357E+18,407,TRUE,TRUE,FALSE,No comments.,StephenUzzell2,1,FALSE,3,FALSE,TRUE,13
1.21704E+18,408,TRUE,TRUE,FALSE,No comments.,angelshm98,1,FALSE,3,TRUE,FALSE,13
1.23181E+18,409,TRUE,TRUE,FALSE,The user might be Jewish: Replying to  @looey_loober Break the stereotype!,lil_tiptoe,1,FALSE,3,FALSE,FALSE,13
1.2457E+18,410,FALSE,TRUE,FALSE,No comments.,hodge8004,5,FALSE,2,FALSE,TRUE,4
1.22201E+18,411,TRUE,TRUE,FALSE,No comments.,AFunnyValentine,1,FALSE,3,FALSE,TRUE,13
1.24759E+18,412,TRUE,TRUE,FALSE,No comments.,wa1singham,5,FALSE,1,FALSE,FALSE,2
1.23851E+18,413,TRUE,TRUE,FALSE,"association with Jews lying probably triggered by a Jewish name. previous post: Jun 13, 2019 What about anti-christianism? Do we count or the Jews more important even though they killed Jesus.",IreneBr97053646,5,FALSE,1,FALSE,FALSE,2
1.21257E+18,414,TRUE,TRUE,FALSE,No comments.,Mottel,1,FALSE,3,TRUE,FALSE,13
1.25548E+18,415,TRUE,TRUE,FALSE,No comments.,DeploraH,1,FALSE,3,TRUE,FALSE,13
1.21528E+18,416,TRUE,TRUE,FALSE,anti-Islam,mac_balzac,1,FALSE,3,FALSE,FALSE,13
1.21644E+18,417,TRUE,TRUE,FALSE,3.1.4 But this kind of diminishing of the Holocaust seems to be not explicit enough for the IHRA definition,elbh,2,FALSE,3,FALSE,TRUE,13
1.24753E+18,418,TRUE,TRUE,FALSE,No comments.,JimmyBoyUSA,1,FALSE,3,TRUE,FALSE,13
1.25553E+18,419,TRUE,TRUE,FALSE,3.1.4 But this kind of diminishing of the Holocaust seems to be not explicit enough for the IHRA definition,BJHeart89,1,FALSE,3,FALSE,FALSE,13
1.21693E+18,420,TRUE,TRUE,TRUE,No comments.,JustSayXtian,1,FALSE,3,FALSE,FALSE,13
1.23789E+18,421,TRUE,TRUE,FALSE,anti-Muslim,OpinionBoob1,1,FALSE,3,FALSE,FALSE,13
1.2191E+18,422,TRUE,TRUE,FALSE,No comments.,rumrot,1,FALSE,3,TRUE,FALSE,13
1.23999E+18,423,TRUE,TRUE,FALSE,No comments.,HolyCitizenship,5,FALSE,1,FALSE,TRUE,2
1.25564E+18,424,TRUE,TRUE,FALSE,No comments.,JohnSch77135806,1,FALSE,3,TRUE,FALSE,13
1.23512E+18,425,TRUE,TRUE,FALSE,No comments.,davidmartibooks,1,FALSE,3,FALSE,TRUE,13
1.22013E+18,426,TRUE,TRUE,FALSE,No comments.,ericpalmr,1,FALSE,3,FALSE,FALSE,13
1.22184E+18,427,TRUE,TRUE,FALSE,No comments.,stoopidsoph,1,FALSE,3,FALSE,TRUE,13
1.23276E+18,428,TRUE,TRUE,FALSE,No comments.,minxu0,5,FALSE,2,FALSE,FALSE,2
1.24874E+18,429,TRUE,TRUE,FALSE,especially image on bottom left,aust_toni,5,FALSE,1,FALSE,FALSE,2
1.21865E+18,430,TRUE,TRUE,FALSE,No comments.,TamkissBrown,1,FALSE,3,FALSE,FALSE,13
1.24682E+18,431,TRUE,TRUE,TRUE,"Denial of antisemitism is a strong hint to antisemitism. A look at other tweets from this user confirms this. e.g. ""#Antisemitism has never really been about the treatment of Jews. It's always been ab",Changeling_1,1,TRUE,3,FALSE,FALSE,13
1.21394E+18,432,TRUE,TRUE,FALSE,No comments.,InTheBroth,1,FALSE,3,FALSE,FALSE,13
1.22377E+18,433,TRUE,TRUE,FALSE,No comments.,RealBettyCrocka,1,FALSE,3,FALSE,FALSE,13
1.25264E+18,434,TRUE,TRUE,FALSE,No comments.,Jeff90700437,1,FALSE,3,TRUE,FALSE,13
1.23118E+18,435,TRUE,TRUE,FALSE,"denial of antisemitism in Labour party is a hint to antisemitism. However, this user has only few anti-Zionist antisemitic tweets (apartheid)",GenXnomadD,1,FALSE,3,FALSE,FALSE,13
1.21888E+18,436,TRUE,TRUE,FALSE,No comments.,RickGarber1,1,FALSE,3,FALSE,TRUE,13
1.24622E+18,437,TRUE,TRUE,FALSE,not fully comprehensible but the user has posted many positive tweets about Jews,kamrantahawar21,2,FALSE,3,FALSE,FALSE,13
1.2487E+18,438,TRUE,TRUE,TRUE,"self description: They call me ""EC"" - Nationalist, #Brexit, British Jew, Israeli citizen, pro-LGBT, anti-racist (he/him) #Q #WWG1WGA #MAGA #Brexit #Trump2020 #PaulisDead",EmmanuelCohen65,1,FALSE,3,FALSE,FALSE,13
1.22045E+18,439,TRUE,TRUE,FALSE,No comments.,pirateirwin,1,FALSE,3,FALSE,TRUE,13
1.21921E+18,440,FALSE,TRUE,FALSE,No comments.,Human70286217,3,FALSE,3,FALSE,FALSE,13
1.24586E+18,441,TRUE,TRUE,FALSE,Trump fan. I couldn't find any antisemitic tweets,0nly4U2c,2,FALSE,3,FALSE,FALSE,13
1.22464E+18,442,TRUE,TRUE,FALSE,No comments.,Martinxddddd,1,FALSE,3,TRUE,TRUE,13
1.25117E+18,443,TRUE,TRUE,FALSE,accusation: undermining culture,FrenReport,5,FALSE,1,FALSE,FALSE,2
1.2215E+18,444,TRUE,TRUE,FALSE,No comments.,stacyjostacyjo,1,FALSE,3,FALSE,FALSE,13
1.21441E+18,445,FALSE,TRUE,FALSE,No comments.,sarahyehudit,3,FALSE,3,FALSE,FALSE,13
1.22185E+18,446,TRUE,TRUE,FALSE,No comments.,vectorRide,1,FALSE,3,TRUE,TRUE,13
1.22781E+18,447,FALSE,TRUE,FALSE,No comments.,FrancoGroyper,3,FALSE,3,FALSE,FALSE,13
1.24125E+18,448,TRUE,TRUE,FALSE,No comments.,GioeleS,1,FALSE,3,FALSE,FALSE,13
1.22252E+18,449,TRUE,TRUE,FALSE,No comments.,ADL,1,FALSE,3,TRUE,FALSE,13
1.22884E+18,450,TRUE,TRUE,FALSE,No comments.,_Byron____,1,FALSE,2,FALSE,FALSE,13
1.25278E+18,451,TRUE,TRUE,FALSE,No comments.,AaronRozear,1,FALSE,3,FALSE,TRUE,13
1.21498E+18,452,TRUE,TRUE,FALSE,No comments.,any1butCorbyn,1,FALSE,3,TRUE,FALSE,13
1.23566E+18,453,TRUE,TRUE,FALSE,No comments.,BluehairCoffee,1,FALSE,2,FALSE,FALSE,13
1.24796E+18,454,TRUE,TRUE,FALSE,No comments.,paolamendoza,1,FALSE,3,FALSE,FALSE,13
1.21936E+18,455,TRUE,TRUE,FALSE,points out the (assumed) Jewish ID of user who dionne4210 thinks has views threatening own community,SavedRepublica,5,TRUE,2,FALSE,FALSE,3
1.25543E+18,456,TRUE,TRUE,FALSE,"accusation: causing epidemics. Not confident because generalization of ""the Jews"" is not clear enough.",noneejudi,4,FALSE,1,FALSE,FALSE,1
1.21263E+18,457,TRUE,TRUE,FALSE,No comments.,2668,1,FALSE,3,TRUE,FALSE,13
1.22171E+18,458,TRUE,TRUE,FALSE,No comments.,rogerahicks,1,FALSE,3,TRUE,FALSE,13
1.22243E+18,459,TRUE,TRUE,FALSE,"""Rothschild Zionists abuse most nations""",mikerestorer,5,FALSE,1,FALSE,FALSE,2
1.23709E+18,460,TRUE,TRUE,FALSE,No comments.,cyndy77297,1,FALSE,3,FALSE,FALSE,13
1.2245E+18,462,TRUE,TRUE,FALSE,No comments.,EZItzkowitz,1,FALSE,3,TRUE,FALSE,13
1.21642E+18,463,TRUE,TRUE,FALSE,No comments.,TheStuffOfMemes,1,FALSE,3,FALSE,FALSE,13
1.22312E+18,464,TRUE,TRUE,FALSE,No comments.,yayah38050524,1,FALSE,4,FALSE,FALSE,13
1.22135E+18,465,TRUE,TRUE,FALSE,No comments.,JuanFTrevino,1,FALSE,3,FALSE,TRUE,13
1.25249E+18,466,TRUE,TRUE,FALSE,No comments.,MohsenFiroozi4,1,FALSE,3,FALSE,TRUE,13
1.21464E+18,467,TRUE,TRUE,FALSE,3.1.2 user has posted countless antisemitic posts,Federicobarald3,5,FALSE,1,FALSE,FALSE,2
1.22107E+18,468,TRUE,TRUE,FALSE,No comments.,blurbwriter,1,FALSE,3,TRUE,FALSE,13
1.24918E+18,469,TRUE,TRUE,FALSE,No comments.,KidrauhlARMYs,1,FALSE,3,FALSE,FALSE,13
1.21349E+18,470,TRUE,TRUE,FALSE,No comments.,iqbalmahat,1,FALSE,3,TRUE,FALSE,13
1.22028E+18,471,TRUE,TRUE,FALSE,No comments.,abhayka74264251,1,FALSE,3,FALSE,FALSE,13
1.21464E+18,472,TRUE,TRUE,FALSE,No comments.,GammaBolt,1,FALSE,3,TRUE,FALSE,13
1.21261E+18,473,TRUE,TRUE,FALSE,No comments.,EarthlingNathan,1,FALSE,3,FALSE,TRUE,13
1.21455E+18,474,TRUE,TRUE,FALSE,No comments.,GregBoucher93,1,FALSE,3,TRUE,FALSE,13
1.232E+18,475,TRUE,TRUE,FALSE,No comments.,JoelMartinRubin,1,FALSE,4,FALSE,FALSE,13
1.21301E+18,476,TRUE,TRUE,FALSE,No comments.,callmestair,1,FALSE,3,TRUE,FALSE,13
1.21992E+18,477,TRUE,TRUE,FALSE,3.1.2 No comments.,3qWc4UBNemhCoxo,5,FALSE,1,FALSE,FALSE,2
1.25552E+18,478,TRUE,TRUE,FALSE,"comparison to Holocaust could be seen as problematic, though",SpookdBlog,1,FALSE,3,TRUE,FALSE,13
1.24824E+18,479,TRUE,TRUE,FALSE,No comments.,cjm427,1,FALSE,3,FALSE,FALSE,13
1.22189E+18,480,TRUE,TRUE,FALSE,3.1.4 But this kind of diminishing of the Holocaust seems to be not explicit enough for the IHRA definition,cesar_clavijo16,1,FALSE,3,FALSE,TRUE,13
1.22175E+18,481,TRUE,TRUE,FALSE,No comments.,cohen1232,1,FALSE,3,FALSE,TRUE,13
1.23719E+18,482,TRUE,TRUE,FALSE,No comments.,howtoheretic,1,FALSE,3,TRUE,FALSE,13
1.24023E+18,483,TRUE,TRUE,FALSE,"anti-Muslim, anti refugee",EmmanuelHaimSNE,1,FALSE,3,FALSE,FALSE,13
1.24209E+18,484,TRUE,TRUE,FALSE,No comments.,raspa_gh,1,FALSE,3,FALSE,TRUE,13
1.25557E+18,485,TRUE,TRUE,FALSE,No comments.,phillipsmanasco,1,FALSE,3,TRUE,FALSE,13
1.22376E+18,486,TRUE,TRUE,FALSE,"not covered by IHRA: Jews and Whites are seen as exclusive + obsession with Jews surfaces (and is confirmed in other tweets from that user, many of them antisemitic)",1776retweets171,2,TRUE,3,FALSE,FALSE,13
1.21974E+18,487,TRUE,TRUE,FALSE,No comments.,FarukHoosain,1,FALSE,4,FALSE,FALSE,13
1.22456E+18,488,TRUE,TRUE,FALSE,3.1.7 apartheid,Dannyosor,5,FALSE,1,FALSE,FALSE,1
1.24612E+18,489,TRUE,TRUE,FALSE,3.1.2 demonization of Jews,SanaAhmer786,5,FALSE,1,FALSE,FALSE,1
1.25554E+18,490,TRUE,TRUE,FALSE,unclear to me,ProDeoEtPatria7,3,FALSE,3,FALSE,FALSE,13
1.24507E+18,491,TRUE,TRUE,FALSE,No comments.,Tannie66364346,2,FALSE,3,FALSE,FALSE,13
1.23342E+18,492,TRUE,TRUE,FALSE,No comments.,jricole,1,FALSE,3,FALSE,FALSE,13
1.25352E+18,493,TRUE,TRUE,FALSE,No comments.,HikindDov,1,FALSE,3,TRUE,FALSE,13
1.22391E+18,494,TRUE,TRUE,FALSE,No comments.,daud95,1,FALSE,3,FALSE,FALSE,13
1.25213E+18,495,TRUE,TRUE,FALSE,No comments.,TonyShadoflite,1,FALSE,3,FALSE,FALSE,13
1.24249E+18,496,TRUE,TRUE,FALSE,No comments.,vparano,1,FALSE,3,TRUE,FALSE,13
1.22982E+18,497,TRUE,TRUE,FALSE,No comments.,scivhr,1,FALSE,3,TRUE,FALSE,13
1.24442E+18,498,TRUE,TRUE,FALSE,"3.1.2 links to AS paper: ""Many decades of Jewish effort have gone into pushing the idea that our ancestors were unsophisticated Borat-like brutes who subjected the Jews to countless irrational m",PolishAnglo,5,FALSE,2,FALSE,FALSE,2
1.22553E+18,499,TRUE,TRUE,FALSE,No comments.,asperjack,1,FALSE,2,FALSE,FALSE,13
1.23708E+18,500,TRUE,TRUE,FALSE,No comments.,osehshalombim,1,FALSE,3,FALSE,FALSE,13